Feature,Importance,Std
home_goal_diff_l10,0.004188481675392685,0.017954375077991885
Unnamed: 120,0.0,0.0
PPH,0.0,0.0
Unnamed: 121,0.0,0.0
PPD,0.0,0.0
PPA,0.0,0.0
SKBD,0.0,0.0
SKBH,0.0,0.0
PPCH,0.0,0.0
PPCD,0.0,0.0
PPCA,0.0,0.0
SKBA,0.0,0.0
SKBCH,0.0,0.0
SKBCD,0.0,0.0
SKBCA,0.0,0.0
HomeTeamPointsLast5,0.0,0.0
AwayRestDays,0.0,0.0
HomeRestDays,0.0,0.0
AwayTeamPointsLast5,0.0,0.0
home_history_n,-0.0010471204188481687,0.005129821450854828
away_clean_sheet_l10,-0.003141361256544495,0.013078529839577802
away_points_l5,-0.0031413612565445058,0.0053392874487882625
home_shots_for_ewm10,-0.00523560209424081,0.025217999117889623
home_clean_sheet_l10,-0.006282722513089001,0.006945811079278316
away_goals_against_l5,-0.008376963350785327,0.00850684649700099
away_shots_against_ewm10,-0.008376963350785327,0.012211417580827845
away_history_n,-0.009424083769633506,0.003917965850025056
home_points_l5,-0.010471204188481664,0.017205944214821967
home_goals_against_l5,-0.012565445026178002,0.007835931700050123
away_goal_diff_l10,-0.017801047120418835,0.013491202855209548
away_shots_for_ewm10,-0.020942408376963328,0.011939009686901966
home_goals_for_l5,-0.021989528795811498,0.009007670436693838
away_rest_days,-0.024083769633507834,0.02030441825095845
home_shots_against_ewm10,-0.025130890052356004,0.012565445026178007
away_goals_for_l5,-0.02722513089005234,0.018555021095988847
home_rest_days,-0.029319371727748667,0.007835931700050147
