Feature,Mean_SHAP
home_shots_for_ewm10,0.40037093
away_history_n,0.37458158
away_shots_for_ewm10,0.32477298
away_shots_against_ewm10,0.2836938
home_shots_against_ewm10,0.2802462
home_points_l5,0.2502532
away_goals_for_l5,0.24215485
home_goal_diff_l10,0.2168426
away_rest_days,0.21282727
home_rest_days,0.2027539
home_history_n,0.17598957
away_clean_sheet_l10,0.17340624
away_goals_against_l5,0.15748136
away_goal_diff_l10,0.1390707
home_goals_for_l5,0.12041095
home_goals_against_l5,0.11342821
away_points_l5,0.10640039
home_clean_sheet_l10,0.061083227
Unnamed: 121,0.0
Unnamed: 120,0.0
PPD,0.0
PPH,0.0
SKBCA,0.0
SKBCD,0.0
PPCH,0.0
PPCD,0.0
PPCA,0.0
SKBCH,0.0
SKBH,0.0
PPA,0.0
SKBD,0.0
SKBA,0.0
HomeTeamPointsLast5,0.0
AwayTeamPointsLast5,0.0
HomeRestDays,0.0
AwayRestDays,0.0
