match_id	league_id	season	match_date	kickoff_utc	status	home_team_id_provider	away_team_id_provider	home_team_name_provider	away_team_name_provider	home_team	away_team	score_home	score_away	round_name	observed_at	provider_schema_version	league_key	fixture_id	home_team_id	away_team_id
m_414Nwb	l_1LMdEO	2026/2027	2026-07-31	2026-07-31T19:00:00+00:00	finished	t_1MaGFI	t_0TPUj3	Dundee United	Rangers	Dundee United	Rangers	1.0	1.0		2026-10-02T15:39:36.778852+00:00	2	scotland	fx:e2ecdc8486a4339c77bd	scotland:dundee-united	scotland:rangers
m_2wLRM4	l_1LMdEO	2026/2027	2026-08-01	2026-08-01T14:00:00+00:00	finished	t_33JOEX	t_0DQtXp	Falkirk	St. Mirren	Falkirk	St. Mirren	0.0	2.0		2026-10-02T15:39:36.778852+00:00	2	scotland	fx:6a2b712a8fafe4d058ad	scotland:falkirk	scotland:st-mirren
m_0knGhq	l_1LMdEO	2026/2027	2026-08-01	2026-08-01T16:30:00+00:00	finished	t_1etTie	t_2UPrdj	Aberdeen	Heart of Midlothian	Aberdeen	Heart of Midlothian	2.0	1.0		2026-10-02T15:39:36.778852+00:00	2	scotland			
m_0xQ674	l_1LMdEO	2026/2027	2026-08-02	2026-08-02T13:00:00+00:00	finished	t_0CVgUz	t_2lf4Qe	St. Johnstone	Kilmarnock	St. Johnstone	Kilmarnock	4.0	3.0		2026-10-02T15:39:36.778852+00:00	2	scotland	fx:06ea00de2cd8ea7ab026	scotland:st-johnstone	scotland:kilmarnock
m_3xcmq1	l_1LMdEO	2026/2027	2026-08-02	2026-08-02T15:30:00+00:00	finished	t_2pkWY0	t_2uXQev	Hibernian	Motherwell	Hibernian	Motherwell	1.0	2.0		2026-10-02T15:39:36.778852+00:00	2	scotland	fx:42429d75451c94c0b0f6	scotland:hibernian	scotland:motherwell
m_4bkBB1	l_1LMdEO	2026/2027	2026-08-08	2026-08-08T14:00:00+00:00	finished	t_2tSgyi	t_1etTie	Dundee FC	Aberdeen	Dundee FC	Aberdeen	2.0	0.0		2026-10-02T15:39:36.778852+00:00	2	scotland			
m_4ddU5r	l_1LMdEO	2026/2027	2026-08-08	2026-08-08T14:00:00+00:00	finished	t_0DQtXp	t_0CVgUz	St. Mirren	St. Johnstone	St. Mirren	St. Johnstone	1.0	0.0		2026-10-02T15:39:36.778852+00:00	2	scotland	fx:097f5f9097e75ff327c9	scotland:st-mirren	scotland:st-johnstone
m_0Chn53	l_1LMdEO	2026/2027	2026-08-09	2026-08-09T12:30:00+00:00	finished	t_2lf4Qe	t_3k7Fcc	Kilmarnock	Celtic	Kilmarnock	Celtic	1.0	5.0		2026-10-02T15:39:36.778852+00:00	2	scotland	fx:a0651d5399c3b573e381	scotland:kilmarnock	scotland:celtic
m_3FmCb3	l_1LMdEO	2026/2027	2026-08-09	2026-08-09T14:00:00+00:00	finished	t_2uXQev	t_33JOEX	Motherwell	Falkirk	Motherwell	Falkirk	0.0	0.0		2026-10-02T15:39:36.778852+00:00	2	scotland	fx:e52a938e25c53dfcb593	scotland:motherwell	scotland:falkirk
m_4TxEqr	l_1LMdEO	2026/2027	2026-08-09	2026-08-09T14:00:00+00:00	finished	t_2UPrdj	t_1MaGFI	Heart of Midlothian	Dundee United	Heart of Midlothian	Dundee United	4.0	0.0		2026-10-02T15:39:36.778852+00:00	2	scotland			
m_3Yp7yy	l_1LMdEO	2026/2027	2026-08-09	2026-08-09T15:00:00+00:00	finished	t_0TPUj3	t_2pkWY0	Rangers	Hibernian	Rangers	Hibernian	1.0	2.0		2026-10-02T15:39:36.778852+00:00	2	scotland	fx:f9cc7b77134550c82edd	scotland:rangers	scotland:hibernian
m_1nJGAH	l_1LMdEO	2026/2027	2026-08-22	2026-08-22T16:45:00+00:00	finished	t_1MaGFI	t_2tSgyi	Dundee United	Dundee FC	Dundee United	Dundee FC	0.0	2.0		2026-10-02T15:39:36.778852+00:00	2	scotland			
m_0bR9b1	l_1LMdEO	2026/2027	2026-08-29	2026-08-29T14:00:00+00:00	finished	t_2lf4Qe	t_1MaGFI	Kilmarnock	Dundee United	Kilmarnock	Dundee United	0.0	4.0		2026-10-02T15:39:36.778852+00:00	2	scotland	fx:1547d93a9837c91a2c2d	scotland:kilmarnock	scotland:dundee-united
m_16p2xN	l_1LMdEO	2026/2027	2026-08-29	2026-08-29T14:00:00+00:00	finished	t_2UPrdj	t_0CVgUz	Heart of Midlothian	St. Johnstone	Heart of Midlothian	St. Johnstone	2.0	1.0		2026-10-02T15:39:36.778852+00:00	2	scotland			
m_41EC3I	l_1LMdEO	2026/2027	2026-08-29	2026-08-29T14:00:00+00:00	finished	t_3k7Fcc	t_33JOEX	Celtic	Falkirk	Celtic	Falkirk	2.0	1.0		2026-10-02T15:39:36.778852+00:00	2	scotland	fx:56893a597bc7d8ba8006	scotland:celtic	scotland:falkirk
m_2CZi3Z	l_1LMdEO	2026/2027	2026-08-30	2026-08-30T11:00:00+00:00	finished	t_1etTie	t_0TPUj3	Aberdeen	Rangers	Aberdeen	Rangers	0.0	1.0		2026-10-02T15:39:36.778852+00:00	2	scotland	fx:5c39eb127c62a9ffd621	scotland:aberdeen	scotland:rangers
m_0HuVR0	l_1LMdEO	2026/2027	2026-08-30	2026-08-30T14:00:00+00:00	finished	t_0DQtXp	t_2uXQev	St. Mirren	Motherwell	St. Mirren	Motherwell	3.0	3.0		2026-10-02T15:39:36.778852+00:00	2	scotland	fx:eda5925c509a375069eb	scotland:st-mirren	scotland:motherwell
m_44sbRp	l_1LMdEO	2026/2027	2026-08-30	2026-08-30T14:00:00+00:00	finished	t_2tSgyi	t_2pkWY0	Dundee FC	Hibernian	Dundee FC	Hibernian	1.0	2.0		2026-10-02T15:39:36.778852+00:00	2	scotland			
m_0buuk9	l_1LMdEO	2026/2027	2026-09-02	2026-09-02T18:45:00+00:00	finished	t_2lf4Qe	t_0DQtXp	Kilmarnock	St. Mirren	Kilmarnock	St. Mirren	0.0	1.0		2026-10-02T15:39:36.778852+00:00	2	scotland	fx:369dafae3823409b1d8e	scotland:kilmarnock	scotland:st-mirren
m_3bPzaM	l_1LMdEO	2026/2027	2026-09-02	2026-09-02T18:45:00+00:00	finished	t_2uXQev	t_1MaGFI	Motherwell	Dundee United	Motherwell	Dundee United	3.0	0.0		2026-10-02T15:39:36.778852+00:00	2	scotland	fx:edd2d8574c8375adf52d	scotland:motherwell	scotland:dundee-united
m_3nHyxu	l_1LMdEO	2026/2027	2026-09-02	2026-09-02T18:45:00+00:00	finished	t_2tSgyi	t_0CVgUz	Dundee FC	St. Johnstone	Dundee FC	St. Johnstone	1.0	1.0		2026-10-02T15:39:36.778852+00:00	2	scotland			
m_47WImN	l_1LMdEO	2026/2027	2026-09-02	2026-09-02T18:45:00+00:00	finished	t_3k7Fcc	t_1etTie	Celtic	Aberdeen	Celtic	Aberdeen	3.0	0.0		2026-10-02T15:39:36.778852+00:00	2	scotland	fx:7b9ccba9476f27126833	scotland:celtic	scotland:aberdeen
m_3ieQSL	l_1LMdEO	2026/2027	2026-09-02	2026-09-02T19:00:00+00:00	finished	t_33JOEX	t_0TPUj3	Falkirk	Rangers	Falkirk	Rangers	1.0	2.0		2026-10-02T15:39:36.778852+00:00	2	scotland	fx:09c277af9d67ccbc9ed7	scotland:falkirk	scotland:rangers
m_1890uK	l_1LMdEO	2026/2027	2026-09-03	2026-09-03T18:45:00+00:00	finished	t_2pkWY0	t_2UPrdj	Hibernian	Heart of Midlothian	Hibernian	Heart of Midlothian	1.0	3.0		2026-10-02T15:39:36.778852+00:00	2	scotland			
m_0DeZjH	l_1LMdEO	2026/2027	2026-09-05	2026-09-05T14:00:00+00:00	finished	t_1etTie	t_2lf4Qe	Aberdeen	Kilmarnock	Aberdeen	Kilmarnock	0.0	0.0		2026-10-02T15:39:36.778852+00:00	2	scotland	fx:c22dc92ac04847ee4fc0	scotland:aberdeen	scotland:kilmarnock
m_2JMG7c	l_1LMdEO	2026/2027	2026-09-05	2026-09-05T14:00:00+00:00	finished	t_0TPUj3	t_2uXQev	Rangers	Motherwell	Rangers	Motherwell	1.0	0.0		2026-10-02T15:39:36.778852+00:00	2	scotland	fx:0ce3372a4ec32a1a25b8	scotland:rangers	scotland:motherwell
m_4Go9iw	l_1LMdEO	2026/2027	2026-09-05	2026-09-05T14:00:00+00:00	finished	t_1MaGFI	t_33JOEX	Dundee United	Falkirk	Dundee United	Falkirk	1.0	1.0		2026-10-02T15:39:36.778852+00:00	2	scotland	fx:b687355e1a5fcf027f7d	scotland:dundee-united	scotland:falkirk
m_20gUWR	l_1LMdEO	2026/2027	2026-09-05	2026-09-05T19:00:00+00:00	finished	t_0DQtXp	t_3k7Fcc	St. Mirren	Celtic	St. Mirren	Celtic	1.0	2.0		2026-10-02T15:39:36.778852+00:00	2	scotland	fx:e73671066276ca8e429c	scotland:st-mirren	scotland:celtic
m_0GmpFd	l_1LMdEO	2026/2027	2026-09-06	2026-09-06T14:00:00+00:00	finished	t_2UPrdj	t_2tSgyi	Heart of Midlothian	Dundee FC	Heart of Midlothian	Dundee FC	2.0	1.0		2026-10-02T15:39:36.778852+00:00	2	scotland			
m_0d6p7g	l_1LMdEO	2026/2027	2026-09-06	2026-09-06T14:00:00+00:00	finished	t_0CVgUz	t_2pkWY0	St. Johnstone	Hibernian	St. Johnstone	Hibernian	2.0	1.0		2026-10-02T15:39:36.778852+00:00	2	scotland	fx:a9d6b03796b79fe8165d	scotland:st-johnstone	scotland:hibernian
m_4cdSpW	l_1LMdEO	2026/2027	2026-09-09	2026-09-09T18:45:00+00:00	finished	t_0TPUj3	t_0DQtXp	Rangers	St. Mirren	Rangers	St. Mirren	1.0	0.0		2026-10-02T15:39:36.778852+00:00	2	scotland	fx:867337a00abd273c5314	scotland:rangers	scotland:st-mirren
m_4LxPXM	l_1LMdEO	2026/2027	2026-09-09	2026-09-09T19:00:00+00:00	finished	t_0CVgUz	t_3k7Fcc	St. Johnstone	Celtic	St. Johnstone	Celtic	0.0	1.0		2026-10-02T15:39:36.778852+00:00	2	scotland	fx:fae9d81c28cdc9e7f754	scotland:st-johnstone	scotland:celtic
m_1krRVO	l_1LMdEO	2026/2027	2026-09-15	2026-09-15T18:45:00+00:00	finished	t_2uXQev	t_1etTie	Motherwell	Aberdeen	Motherwell	Aberdeen	0.0	4.0		2026-10-02T15:39:36.778852+00:00	2	scotland	fx:ad185cea547e295ba3a8	scotland:motherwell	scotland:aberdeen
m_2mUKk6	l_1LMdEO	2026/2027	2026-09-15	2026-09-15T18:45:00+00:00	finished	t_2pkWY0	t_2lf4Qe	Hibernian	Kilmarnock	Hibernian	Kilmarnock	0.0	1.0		2026-10-02T15:39:36.778852+00:00	2	scotland	fx:6f48dd93670f52ed110d	scotland:hibernian	scotland:kilmarnock
m_3jfyp8	l_1LMdEO	2026/2027	2026-09-15	2026-09-15T18:45:00+00:00	finished	t_33JOEX	t_2UPrdj	Falkirk	Heart of Midlothian	Falkirk	Heart of Midlothian	2.0	1.0		2026-10-02T15:39:36.778852+00:00	2	scotland			
m_287Ny9	l_1LMdEO	2026/2027	2026-09-19	2026-09-19T14:00:00+00:00	finished	t_0DQtXp	t_1MaGFI	St. Mirren	Dundee United	St. Mirren	Dundee United	0.0	3.0		2026-10-02T15:39:36.778852+00:00	2	scotland	fx:72d32b8efa5eb9d4fd9f	scotland:st-mirren	scotland:dundee-united
m_28rT0a	l_1LMdEO	2026/2027	2026-09-19	2026-09-19T14:00:00+00:00	finished	t_2pkWY0	t_1etTie	Hibernian	Aberdeen	Hibernian	Aberdeen	1.0	1.0		2026-10-02T15:39:36.778852+00:00	2	scotland	fx:f8a5215aae38032ec2a8	scotland:hibernian	scotland:aberdeen
m_2h8jrj	l_1LMdEO	2026/2027	2026-09-19	2026-09-19T14:00:00+00:00	finished	t_0CVgUz	t_33JOEX	St. Johnstone	Falkirk	St. Johnstone	Falkirk	1.0	1.0		2026-10-02T15:39:36.778852+00:00	2	scotland	fx:f56b41f22dd624c989f5	scotland:st-johnstone	scotland:falkirk
m_2ufuYr	l_1LMdEO	2026/2027	2026-09-19	2026-09-19T14:00:00+00:00	finished	t_2tSgyi	t_2uXQev	Dundee FC	Motherwell	Dundee FC	Motherwell	2.0	1.0		2026-10-02T15:39:36.778852+00:00	2	scotland			
m_31m5pW	l_1LMdEO	2026/2027	2026-09-19	2026-09-19T16:45:00+00:00	finished	t_2lf4Qe	t_2UPrdj	Kilmarnock	Heart of Midlothian	Kilmarnock	Heart of Midlothian	1.0	1.0		2026-10-02T15:39:36.778852+00:00	2	scotland			
m_3K1cSj	l_1LMdEO	2026/2027	2026-09-20	2026-09-20T11:00:00+00:00	finished	t_3k7Fcc	t_0TPUj3	Celtic	Rangers	Celtic	Rangers	0.0	1.0		2026-10-02T15:39:36.778852+00:00	2	scotland	fx:612b595c0019935fb649	scotland:celtic	scotland:rangers
m_20ok7m	l_1LMdEO	2026/2027	2026-10-10	2026-10-10T14:00:00+00:00	not_started	t_1MaGFI	t_2pkWY0	Dundee United	Hibernian	Dundee United	Hibernian				2026-10-02T15:53:41.548727+00:00	2	scotland	scotland:espn:401878373	scotland:dundee-united	scotland:hibernian
m_2a5Tgz	l_1LMdEO	2026/2027	2026-10-10	2026-10-10T14:00:00+00:00	not_started	t_33JOEX	t_2tSgyi	Falkirk	Dundee FC	Falkirk	Dundee FC				2026-10-02T15:53:41.548727+00:00	2	scotland			
m_423UnB	l_1LMdEO	2026/2027	2026-10-10	2026-10-10T14:00:00+00:00	not_started	t_0TPUj3	t_2lf4Qe	Rangers	Kilmarnock	Rangers	Kilmarnock				2026-10-02T15:53:41.548727+00:00	2	scotland	scotland:espn:401878369	scotland:rangers	scotland:kilmarnock
m_4PlnO4	l_1LMdEO	2026/2027	2026-10-10	2026-10-10T14:00:00+00:00	not_started	t_2UPrdj	t_0DQtXp	Heart of Midlothian	St. Mirren	Heart of Midlothian	St. Mirren				2026-10-02T15:53:41.548727+00:00	2	scotland	scotland:espn:401878371	scotland:heart-of-midlothian	scotland:st-mirren
m_3dICON	l_1LMdEO	2026/2027	2026-10-11	2026-10-11T11:00:00+00:00	not_started	t_2uXQev	t_3k7Fcc	Motherwell	Celtic	Motherwell	Celtic				2026-10-02T15:53:41.548727+00:00	2	scotland	scotland:espn:401878370	scotland:motherwell	scotland:celtic
m_3qjgGv	l_1LMdEO	2026/2027	2026-10-11	2026-10-11T13:00:00+00:00	not_started	t_1etTie	t_0CVgUz	Aberdeen	St. Johnstone	Aberdeen	St. Johnstone				2026-10-02T15:53:41.548727+00:00	2	scotland	scotland:espn:401878374	scotland:aberdeen	scotland:st-johnstone
m_0ggu4o	l_1LMdEO	2026/2027	2026-10-17	2026-10-17T14:00:00+00:00	not_started	t_2pkWY0	t_33JOEX	Hibernian	Falkirk	Hibernian	Falkirk				2026-10-02T15:53:41.548727+00:00	2	scotland	scotland:espn:401878365	scotland:hibernian	scotland:falkirk
m_3FyFYz	l_1LMdEO	2026/2027	2026-10-17	2026-10-17T14:00:00+00:00	not_started	t_1etTie	t_0DQtXp	Aberdeen	St. Mirren	Aberdeen	St. Mirren				2026-10-02T15:53:41.548727+00:00	2	scotland	scotland:espn:401878368	scotland:aberdeen	scotland:st-mirren
m_3zHDZq	l_1LMdEO	2026/2027	2026-10-17	2026-10-17T14:00:00+00:00	not_started	t_0CVgUz	t_1MaGFI	St. Johnstone	Dundee United	St. Johnstone	Dundee United				2026-10-02T15:53:41.548727+00:00	2	scotland	scotland:espn:401878363	scotland:st-johnstone	scotland:dundee-united
m_4deBo6	l_1LMdEO	2026/2027	2026-10-17	2026-10-17T14:00:00+00:00	not_started	t_2lf4Qe	t_2uXQev	Kilmarnock	Motherwell	Kilmarnock	Motherwell				2026-10-02T15:53:41.548727+00:00	2	scotland	scotland:espn:401878364	scotland:kilmarnock	scotland:motherwell
m_1Ptb5h	l_1LMdEO	2026/2027	2026-10-17	2026-10-17T19:00:00+00:00	not_started	t_2tSgyi	t_0TPUj3	Dundee FC	Rangers	Dundee FC	Rangers				2026-10-02T15:53:41.548727+00:00	2	scotland			
m_2FJlRD	l_1LMdEO	2026/2027	2026-10-18	2026-10-18T14:00:00+00:00	not_started	t_3k7Fcc	t_2UPrdj	Celtic	Heart of Midlothian	Celtic	Heart of Midlothian				2026-10-02T15:53:41.548727+00:00	2	scotland	scotland:espn:401878367	scotland:celtic	scotland:heart-of-midlothian
m_17HpJS	l_1LMdEO	2026/2027	2026-10-24	2026-10-24T14:00:00+00:00	not_started	t_0TPUj3	t_0CVgUz	Rangers	St. Johnstone	Rangers	St. Johnstone				2026-10-02T15:53:41.548727+00:00	2	scotland	scotland:espn:401878358	scotland:rangers	scotland:st-johnstone
m_3EAAjs	l_1LMdEO	2026/2027	2026-10-24	2026-10-24T14:00:00+00:00	not_started	t_1MaGFI	t_1etTie	Dundee United	Aberdeen	Dundee United	Aberdeen				2026-10-02T15:53:41.548727+00:00	2	scotland	scotland:espn:401878362	scotland:dundee-united	scotland:aberdeen
m_40j9hb	l_1LMdEO	2026/2027	2026-10-24	2026-10-24T14:00:00+00:00	not_started	t_0DQtXp	t_2tSgyi	St. Mirren	Dundee FC	St. Mirren	Dundee FC				2026-10-02T15:53:41.548727+00:00	2	scotland			
m_4cO8cc	l_1LMdEO	2026/2027	2026-10-24	2026-10-24T14:00:00+00:00	not_started	t_33JOEX	t_2lf4Qe	Falkirk	Kilmarnock	Falkirk	Kilmarnock				2026-10-02T15:53:41.548727+00:00	2	scotland	scotland:espn:401878361	scotland:falkirk	scotland:kilmarnock
m_1ihlEN	l_1LMdEO	2026/2027	2026-10-25	2026-10-25T12:00:00+00:00	not_started	t_2pkWY0	t_3k7Fcc	Hibernian	Celtic	Hibernian	Celtic				2026-10-02T15:53:41.548727+00:00	2	scotland	scotland:espn:401878360	scotland:hibernian	scotland:celtic
m_4an5hk	l_1LMdEO	2026/2027	2026-10-25	2026-10-25T14:00:00+00:00	not_started	t_2uXQev	t_2UPrdj	Motherwell	Heart of Midlothian	Motherwell	Heart of Midlothian				2026-10-02T15:53:41.548727+00:00	2	scotland	scotland:espn:401878359	scotland:motherwell	scotland:heart-of-midlothian
m_0IhUtW	l_1LMdEO	2026/2027	2026-10-28	2026-10-28T19:45:00+00:00	not_started	t_1etTie	t_33JOEX	Aberdeen	Falkirk	Aberdeen	Falkirk				2026-10-02T15:53:41.548727+00:00	2	scotland	scotland:espn:401878356	scotland:aberdeen	scotland:falkirk
m_0emsGF	l_1LMdEO	2026/2027	2026-10-28	2026-10-28T19:45:00+00:00	not_started	t_3k7Fcc	t_1MaGFI	Celtic	Dundee United	Celtic	Dundee United				2026-10-02T15:53:41.548727+00:00	2	scotland	scotland:espn:401878355	scotland:celtic	scotland:dundee-united
m_1XtmFN	l_1LMdEO	2026/2027	2026-10-28	2026-10-28T19:45:00+00:00	not_started	t_2tSgyi	t_2lf4Qe	Dundee FC	Kilmarnock	Dundee FC	Kilmarnock				2026-10-02T15:53:41.548727+00:00	2	scotland			
m_1YGaK1	l_1LMdEO	2026/2027	2026-10-28	2026-10-28T19:45:00+00:00	not_started	t_0CVgUz	t_2uXQev	St. Johnstone	Motherwell	St. Johnstone	Motherwell				2026-10-02T15:53:41.548727+00:00	2	scotland	scotland:espn:401878352	scotland:st-johnstone	scotland:motherwell
m_2IwpT4	l_1LMdEO	2026/2027	2026-10-28	2026-10-28T19:45:00+00:00	not_started	t_0DQtXp	t_2pkWY0	St. Mirren	Hibernian	St. Mirren	Hibernian				2026-10-02T15:53:41.548727+00:00	2	scotland	scotland:espn:401878351	scotland:st-mirren	scotland:hibernian
m_02l7cY	l_1LMdEO	2026/2027	2026-10-28	2026-10-28T20:00:00+00:00	not_started	t_2UPrdj	t_0TPUj3	Heart of Midlothian	Rangers	Heart of Midlothian	Rangers				2026-10-02T15:53:41.548727+00:00	2	scotland	scotland:espn:401878353	scotland:heart-of-midlothian	scotland:rangers
m_1q4R8P	l_1LMdEO	2026/2027	2026-10-31	2026-10-31T15:00:00+00:00	not_started	t_2lf4Qe	t_0CVgUz	Kilmarnock	St. Johnstone	Kilmarnock	St. Johnstone				2026-10-02T15:53:41.548727+00:00	2	scotland	scotland:espn:401878347	scotland:kilmarnock	scotland:st-johnstone
m_3MK6mk	l_1LMdEO	2026/2027	2026-10-31	2026-10-31T15:00:00+00:00	not_started	t_1MaGFI	t_2UPrdj	Dundee United	Heart of Midlothian	Dundee United	Heart of Midlothian				2026-10-02T15:53:41.548727+00:00	2	scotland	scotland:espn:401878350	scotland:dundee-united	scotland:heart-of-midlothian
m_3cXVSL	l_1LMdEO	2026/2027	2026-10-31	2026-10-31T15:00:00+00:00	not_started	t_2uXQev	t_0DQtXp	Motherwell	St. Mirren	Motherwell	St. Mirren				2026-10-02T15:53:41.548727+00:00	2	scotland	scotland:espn:401878346	scotland:motherwell	scotland:st-mirren
m_0VT8uk	l_1LMdEO	2026/2027	2026-11-01	2026-11-01T13:00:00+00:00	not_started	t_33JOEX	t_3k7Fcc	Falkirk	Celtic	Falkirk	Celtic				2026-10-02T15:53:41.548727+00:00	2	scotland	scotland:espn:401878349	scotland:falkirk	scotland:celtic
m_08tqCM	l_1LMdEO	2026/2027	2026-11-07	2026-11-07T15:00:00+00:00	not_started	t_0CVgUz	t_2tSgyi	St. Johnstone	Dundee FC	St. Johnstone	Dundee FC				2026-10-02T15:53:41.548727+00:00	2	scotland			
m_0g7IpO	l_1LMdEO	2026/2027	2026-11-07	2026-11-07T15:00:00+00:00	not_started	t_1MaGFI	t_2uXQev	Dundee United	Motherwell	Dundee United	Motherwell				2026-10-02T15:53:41.548727+00:00	2	scotland	scotland:espn:401878342	scotland:dundee-united	scotland:motherwell
m_2fKtRe	l_1LMdEO	2026/2027	2026-11-07	2026-11-07T17:45:00+00:00	not_started	t_1etTie	t_2pkWY0	Aberdeen	Hibernian	Aberdeen	Hibernian				2026-10-02T15:53:41.548727+00:00	2	scotland	scotland:espn:401878344	scotland:aberdeen	scotland:hibernian
m_3wxe4p	l_1LMdEO	2026/2027	2026-11-07	2026-11-07T20:00:00+00:00	not_started	t_0DQtXp	t_0TPUj3	St. Mirren	Rangers	St. Mirren	Rangers				2026-10-02T15:53:41.548727+00:00	2	scotland	scotland:espn:401878340	scotland:st-mirren	scotland:rangers
m_07h4W8	l_1LMdEO	2026/2027	2026-11-08	2026-11-08T15:00:00+00:00	not_started	t_2UPrdj	t_33JOEX	Heart of Midlothian	Falkirk	Heart of Midlothian	Falkirk				2026-10-02T15:53:41.548727+00:00	2	scotland	scotland:espn:401878339	scotland:heart-of-midlothian	scotland:falkirk
m_26kQvF	l_1LMdEO	2026/2027	2026-11-08	2026-11-08T16:00:00+00:00	not_started	t_3k7Fcc	t_2lf4Qe	Celtic	Kilmarnock	Celtic	Kilmarnock				2026-10-02T15:53:41.548727+00:00	2	scotland	scotland:espn:401878343	scotland:celtic	scotland:kilmarnock
m_1CICUz	l_1LMdEO	2026/2027	2026-11-21	2026-11-21T15:00:00+00:00	not_started	t_33JOEX	t_0CVgUz	Falkirk	St. Johnstone	Falkirk	St. Johnstone				2026-10-02T15:53:41.548727+00:00	2	scotland	scotland:espn:401878336	scotland:falkirk	scotland:st-johnstone
m_1DOlHW	l_1LMdEO	2026/2027	2026-11-21	2026-11-21T15:00:00+00:00	not_started	t_2pkWY0	t_1MaGFI	Hibernian	Dundee United	Hibernian	Dundee United				2026-10-02T15:53:41.548727+00:00	2	scotland	scotland:espn:401878335	scotland:hibernian	scotland:dundee-united
m_1aTI5M	l_1LMdEO	2026/2027	2026-11-21	2026-11-21T15:00:00+00:00	not_started	t_2lf4Qe	t_1etTie	Kilmarnock	Aberdeen	Kilmarnock	Aberdeen				2026-10-02T15:53:41.548727+00:00	2	scotland	scotland:espn:401878334	scotland:kilmarnock	scotland:aberdeen
m_4NpGUL	l_1LMdEO	2026/2027	2026-11-21	2026-11-21T15:00:00+00:00	not_started	t_3k7Fcc	t_0DQtXp	Celtic	St. Mirren	Celtic	St. Mirren				2026-10-02T15:53:41.548727+00:00	2	scotland	scotland:espn:401878338	scotland:celtic	scotland:st-mirren
m_1tSEmp	l_1LMdEO	2026/2027	2026-11-21	2026-11-21T17:45:00+00:00	not_started	t_2tSgyi	t_2UPrdj	Dundee FC	Heart of Midlothian	Dundee FC	Heart of Midlothian				2026-10-02T15:53:41.548727+00:00	2	scotland			
m_3hzqES	l_1LMdEO	2026/2027	2026-11-21	2026-11-21T20:00:00+00:00	not_started	t_2uXQev	t_0TPUj3	Motherwell	Rangers	Motherwell	Rangers				2026-10-02T15:53:41.548727+00:00	2	scotland	scotland:espn:401878333	scotland:motherwell	scotland:rangers
m_1dnUT9	l_1LMdEO	2026/2027	2026-11-24	2026-11-24T19:45:00+00:00	not_started	t_2pkWY0	t_2tSgyi	Hibernian	Dundee FC	Hibernian	Dundee FC				2026-10-02T15:53:41.548727+00:00	2	scotland			
m_4Ujw4a	l_1LMdEO	2026/2027	2026-11-24	2026-11-24T20:00:00+00:00	not_started	t_0TPUj3	t_1etTie	Rangers	Aberdeen	Rangers	Aberdeen				2026-10-02T15:53:41.548727+00:00	2	scotland	scotland:espn:401878345	scotland:rangers	scotland:aberdeen
m_0sA8ql	l_1LMdEO	2026/2027	2026-11-28	2026-11-28T15:00:00+00:00	not_started	t_0DQtXp	t_2lf4Qe	St. Mirren	Kilmarnock	St. Mirren	Kilmarnock				2026-10-02T15:53:41.548727+00:00	2	scotland	scotland:espn:401878327	scotland:st-mirren	scotland:kilmarnock
m_2BpWOB	l_1LMdEO	2026/2027	2026-11-28	2026-11-28T15:00:00+00:00	not_started	t_1MaGFI	t_0CVgUz	Dundee United	St. Johnstone	Dundee United	St. Johnstone				2026-10-02T15:53:41.548727+00:00	2	scotland	scotland:espn:401878331	scotland:dundee-united	scotland:st-johnstone
m_3VqOX1	l_1LMdEO	2026/2027	2026-11-28	2026-11-28T15:00:00+00:00	not_started	t_0TPUj3	t_33JOEX	Rangers	Falkirk	Rangers	Falkirk				2026-10-02T15:53:41.548727+00:00	2	scotland	scotland:espn:401878328	scotland:rangers	scotland:falkirk
m_3u1z2F	l_1LMdEO	2026/2027	2026-11-28	2026-11-28T15:00:00+00:00	not_started	t_1etTie	t_2tSgyi	Aberdeen	Dundee FC	Aberdeen	Dundee FC				2026-10-02T15:53:41.548727+00:00	2	scotland			
m_20fezt	l_1LMdEO	2026/2027	2026-11-28	2026-11-28T17:45:00+00:00	not_started	t_2uXQev	t_2pkWY0	Motherwell	Hibernian	Motherwell	Hibernian				2026-10-02T15:53:41.548727+00:00	2	scotland	scotland:espn:401878329	scotland:motherwell	scotland:hibernian
m_3jeuu6	l_1LMdEO	2026/2027	2026-11-29	2026-11-29T15:00:00+00:00	not_started	t_2UPrdj	t_3k7Fcc	Heart of Midlothian	Celtic	Heart of Midlothian	Celtic				2026-10-02T15:53:41.548727+00:00	2	scotland	scotland:espn:401878330	scotland:heart-of-midlothian	scotland:celtic
m_0BNLYI	l_1LMdEO	2026/2027	2026-12-02	2026-12-02T19:45:00+00:00	not_started	t_2UPrdj	t_1etTie	Heart of Midlothian	Aberdeen	Heart of Midlothian	Aberdeen				2026-10-02T15:53:41.548727+00:00	2	scotland			
m_0evluF	l_1LMdEO	2026/2027	2026-12-02	2026-12-02T19:45:00+00:00	not_started	t_2tSgyi	t_3k7Fcc	Dundee FC	Celtic	Dundee FC	Celtic				2026-10-02T15:53:41.548727+00:00	2	scotland			
m_13yHWO	l_1LMdEO	2026/2027	2026-12-02	2026-12-02T19:45:00+00:00	not_started	t_0TPUj3	t_1MaGFI	Rangers	Dundee United	Rangers	Dundee United				2026-10-02T15:53:41.548727+00:00	2	scotland			
m_1bNqtZ	l_1LMdEO	2026/2027	2026-12-02	2026-12-02T19:45:00+00:00	not_started	t_2lf4Qe	t_2pkWY0	Kilmarnock	Hibernian	Kilmarnock	Hibernian				2026-10-02T15:53:41.548727+00:00	2	scotland			
m_2xoX04	l_1LMdEO	2026/2027	2026-12-02	2026-12-02T19:45:00+00:00	not_started	t_0CVgUz	t_0DQtXp	St. Johnstone	St. Mirren	St. Johnstone	St. Mirren				2026-10-02T15:53:41.548727+00:00	2	scotland			
m_37CbyR	l_1LMdEO	2026/2027	2026-12-02	2026-12-02T19:45:00+00:00	not_started	t_33JOEX	t_2uXQev	Falkirk	Motherwell	Falkirk	Motherwell				2026-10-02T15:53:41.548727+00:00	2	scotland			
m_0IEgcz	l_1LMdEO	2026/2027	2026-12-05	2026-12-05T15:00:00+00:00	not_started	t_2uXQev	t_2lf4Qe	Motherwell	Kilmarnock	Motherwell	Kilmarnock				2026-10-02T15:53:41.548727+00:00	2	scotland			
m_19zcJm	l_1LMdEO	2026/2027	2026-12-05	2026-12-05T15:00:00+00:00	not_started	t_0DQtXp	t_2UPrdj	St. Mirren	Heart of Midlothian	St. Mirren	Heart of Midlothian				2026-10-02T15:53:41.548727+00:00	2	scotland			
m_1fpKTr	l_1LMdEO	2026/2027	2026-12-05	2026-12-05T15:00:00+00:00	not_started	t_2tSgyi	t_33JOEX	Dundee FC	Falkirk	Dundee FC	Falkirk				2026-10-02T15:53:41.548727+00:00	2	scotland			
m_2PXvi5	l_1LMdEO	2026/2027	2026-12-05	2026-12-05T15:00:00+00:00	not_started	t_1etTie	t_1MaGFI	Aberdeen	Dundee United	Aberdeen	Dundee United				2026-10-02T15:53:41.548727+00:00	2	scotland			
m_3QmyP8	l_1LMdEO	2026/2027	2026-12-05	2026-12-05T15:00:00+00:00	not_started	t_3k7Fcc	t_0CVgUz	Celtic	St. Johnstone	Celtic	St. Johnstone				2026-10-02T15:53:41.548727+00:00	2	scotland			
m_3zV5Us	l_1LMdEO	2026/2027	2026-12-05	2026-12-05T15:00:00+00:00	not_started	t_2pkWY0	t_0TPUj3	Hibernian	Rangers	Hibernian	Rangers				2026-10-02T15:53:41.548727+00:00	2	scotland			
m_0b0hbW	l_1LMdEO	2026/2027	2026-12-12	2026-12-12T15:00:00+00:00	not_started	t_33JOEX	t_1etTie	Falkirk	Aberdeen	Falkirk	Aberdeen				2026-10-02T15:53:41.548727+00:00	2	scotland			
m_0jo684	l_1LMdEO	2026/2027	2026-12-12	2026-12-12T15:00:00+00:00	not_started	t_1MaGFI	t_0DQtXp	Dundee United	St. Mirren	Dundee United	St. Mirren				2026-10-02T15:53:41.548727+00:00	2	scotland			
m_11eXoU	l_1LMdEO	2026/2027	2026-12-12	2026-12-12T15:00:00+00:00	not_started	t_2lf4Qe	t_2tSgyi	Kilmarnock	Dundee FC	Kilmarnock	Dundee FC				2026-10-02T15:53:41.548727+00:00	2	scotland			
m_3CxBsv	l_1LMdEO	2026/2027	2026-12-12	2026-12-12T15:00:00+00:00	not_started	t_0CVgUz	t_0TPUj3	St. Johnstone	Rangers	St. Johnstone	Rangers				2026-10-02T15:53:41.548727+00:00	2	scotland			
m_0T5GTQ	l_1LMdEO	2026/2027	2026-12-13	2026-12-13T15:00:00+00:00	not_started	t_2UPrdj	t_2uXQev	Heart of Midlothian	Motherwell	Heart of Midlothian	Motherwell				2026-10-02T15:53:41.548727+00:00	2	scotland			
m_0UX4Xi	l_1LMdEO	2026/2027	2026-12-13	2026-12-13T15:00:00+00:00	not_started	t_3k7Fcc	t_2pkWY0	Celtic	Hibernian	Celtic	Hibernian				2026-10-02T15:53:41.548727+00:00	2	scotland			
m_0DOmKj	l_1LMdEO	2026/2027	2026-12-19	2026-12-19T15:00:00+00:00	not_started	t_0DQtXp	t_33JOEX	St. Mirren	Falkirk	St. Mirren	Falkirk				2026-10-02T15:53:41.548727+00:00	2	scotland			
m_1ivAbT	l_1LMdEO	2026/2027	2026-12-19	2026-12-19T15:00:00+00:00	not_started	t_2uXQev	t_2tSgyi	Motherwell	Dundee FC	Motherwell	Dundee FC				2026-10-02T15:53:41.548727+00:00	2	scotland			
m_3AR4xT	l_1LMdEO	2026/2027	2026-12-19	2026-12-19T15:00:00+00:00	not_started	t_1MaGFI	t_2lf4Qe	Dundee United	Kilmarnock	Dundee United	Kilmarnock				2026-10-02T15:53:41.548727+00:00	2	scotland			
m_3O3ut9	l_1LMdEO	2026/2027	2026-12-19	2026-12-19T15:00:00+00:00	not_started	t_1etTie	t_3k7Fcc	Aberdeen	Celtic	Aberdeen	Celtic				2026-10-02T15:53:41.548727+00:00	2	scotland			
m_3PEJI8	l_1LMdEO	2026/2027	2026-12-19	2026-12-19T15:00:00+00:00	not_started	t_2pkWY0	t_0CVgUz	Hibernian	St. Johnstone	Hibernian	St. Johnstone				2026-10-02T15:53:41.548727+00:00	2	scotland			
m_2agfK6	l_1LMdEO	2026/2027	2026-12-20	2026-12-20T15:00:00+00:00	not_started	t_0TPUj3	t_2UPrdj	Rangers	Heart of Midlothian	Rangers	Heart of Midlothian				2026-10-02T15:53:41.548727+00:00	2	scotland			
m_0AuS77	l_1LMdEO	2026/2027	2026-12-26	2026-12-26T15:00:00+00:00	not_started	t_0CVgUz	t_1etTie	St. Johnstone	Aberdeen	St. Johnstone	Aberdeen				2026-10-02T15:53:41.548727+00:00	2	scotland			
m_0NXJMB	l_1LMdEO	2026/2027	2026-12-26	2026-12-26T15:00:00+00:00	not_started	t_3k7Fcc	t_2uXQev	Celtic	Motherwell	Celtic	Motherwell				2026-10-02T15:53:41.548727+00:00	2	scotland			
m_2PlQbc	l_1LMdEO	2026/2027	2026-12-26	2026-12-26T15:00:00+00:00	not_started	t_2tSgyi	t_0DQtXp	Dundee FC	St. Mirren	Dundee FC	St. Mirren				2026-10-02T15:53:41.548727+00:00	2	scotland			
m_48SBEl	l_1LMdEO	2026/2027	2026-12-26	2026-12-26T15:00:00+00:00	not_started	t_33JOEX	t_1MaGFI	Falkirk	Dundee United	Falkirk	Dundee United				2026-10-02T15:53:41.548727+00:00	2	scotland			
m_0oyJmb	l_1LMdEO	2026/2027	2026-12-26	2026-12-26T17:45:00+00:00	not_started	t_2lf4Qe	t_0TPUj3	Kilmarnock	Rangers	Kilmarnock	Rangers				2026-10-02T15:53:41.548727+00:00	2	scotland			
m_0nPx27	l_1LMdEO	2026/2027	2026-12-27	2026-12-27T12:00:00+00:00	not_started	t_2UPrdj	t_2pkWY0	Heart of Midlothian	Hibernian	Heart of Midlothian	Hibernian				2026-10-02T15:53:41.548727+00:00	2	scotland			
m_080FAX	l_1LMdEO	2026/2027	2026-12-30	2026-12-30T19:45:00+00:00	not_started	t_0TPUj3	t_2tSgyi	Rangers	Dundee FC	Rangers	Dundee FC				2026-10-02T15:53:41.548727+00:00	2	scotland			
m_0lYsnP	l_1LMdEO	2026/2027	2026-12-30	2026-12-30T19:45:00+00:00	not_started	t_1MaGFI	t_3k7Fcc	Dundee United	Celtic	Dundee United	Celtic				2026-10-02T15:53:41.548727+00:00	2	scotland			
m_1TBsHD	l_1LMdEO	2026/2027	2026-12-30	2026-12-30T19:45:00+00:00	not_started	t_1etTie	t_2uXQev	Aberdeen	Motherwell	Aberdeen	Motherwell				2026-10-02T15:53:41.548727+00:00	2	scotland			
m_3sN3zM	l_1LMdEO	2026/2027	2026-12-30	2026-12-30T19:45:00+00:00	not_started	t_2lf4Qe	t_33JOEX	Kilmarnock	Falkirk	Kilmarnock	Falkirk				2026-10-02T15:53:41.548727+00:00	2	scotland			
m_4MIH1Q	l_1LMdEO	2026/2027	2026-12-30	2026-12-30T19:45:00+00:00	not_started	t_2pkWY0	t_0DQtXp	Hibernian	St. Mirren	Hibernian	St. Mirren				2026-10-02T15:53:41.548727+00:00	2	scotland			
m_4ZQjAx	l_1LMdEO	2026/2027	2026-12-30	2026-12-30T19:45:00+00:00	not_started	t_0CVgUz	t_2UPrdj	St. Johnstone	Heart of Midlothian	St. Johnstone	Heart of Midlothian				2026-10-02T15:53:41.548727+00:00	2	scotland			
m_25lmwI	l_1LMdEO	2026/2027	2027-01-02	2027-01-02T12:30:00+00:00	not_started	t_2tSgyi	t_1MaGFI	Dundee FC	Dundee United	Dundee FC	Dundee United				2026-10-02T15:53:41.548727+00:00	2	scotland			
m_4VlS96	l_1LMdEO	2026/2027	2027-01-02	2027-01-02T15:00:00+00:00	not_started	t_2UPrdj	t_2lf4Qe	Heart of Midlothian	Kilmarnock	Heart of Midlothian	Kilmarnock				2026-10-02T15:53:41.548727+00:00	2	scotland			
m_4Vt1se	l_1LMdEO	2026/2027	2027-01-02	2027-01-02T15:00:00+00:00	not_started	t_33JOEX	t_2pkWY0	Falkirk	Hibernian	Falkirk	Hibernian				2026-10-02T15:53:41.548727+00:00	2	scotland			
m_4dbBV8	l_1LMdEO	2026/2027	2027-01-02	2027-01-02T15:00:00+00:00	not_started	t_2uXQev	t_0CVgUz	Motherwell	St. Johnstone	Motherwell	St. Johnstone				2026-10-02T15:53:41.548727+00:00	2	scotland			
m_3356Ew	l_1LMdEO	2026/2027	2027-01-03	2027-01-03T12:00:00+00:00	not_started	t_0TPUj3	t_3k7Fcc	Rangers	Celtic	Rangers	Celtic				2026-10-02T15:53:41.548727+00:00	2	scotland			
m_4eQYTL	l_1LMdEO	2026/2027	2027-01-03	2027-01-03T14:30:00+00:00	not_started	t_0DQtXp	t_1etTie	St. Mirren	Aberdeen	St. Mirren	Aberdeen				2026-10-02T15:53:41.548727+00:00	2	scotland			
m_14Jq4c	l_1LMdEO	2026/2027	2027-01-09	2027-01-09T15:00:00+00:00	not_started	t_1etTie	t_2UPrdj	Aberdeen	Heart of Midlothian	Aberdeen	Heart of Midlothian				2026-10-02T15:53:41.548727+00:00	2	scotland			
m_1B3pJt	l_1LMdEO	2026/2027	2027-01-09	2027-01-09T15:00:00+00:00	not_started	t_3k7Fcc	t_2tSgyi	Celtic	Dundee FC	Celtic	Dundee FC				2026-10-02T15:53:41.548727+00:00	2	scotland			
m_1uiCqQ	l_1LMdEO	2026/2027	2027-01-09	2027-01-09T15:00:00+00:00	not_started	t_2pkWY0	t_2uXQev	Hibernian	Motherwell	Hibernian	Motherwell				2026-10-02T15:53:41.548727+00:00	2	scotland			
m_2zMk4z	l_1LMdEO	2026/2027	2027-01-09	2027-01-09T15:00:00+00:00	not_started	t_1MaGFI	t_0TPUj3	Dundee United	Rangers	Dundee United	Rangers				2026-10-02T15:53:41.548727+00:00	2	scotland			
m_40M5Vq	l_1LMdEO	2026/2027	2027-01-09	2027-01-09T15:00:00+00:00	not_started	t_0CVgUz	t_33JOEX	St. Johnstone	Falkirk	St. Johnstone	Falkirk				2026-10-02T15:53:41.548727+00:00	2	scotland			
m_4UssDO	l_1LMdEO	2026/2027	2027-01-09	2027-01-09T15:00:00+00:00	not_started	t_2lf4Qe	t_0DQtXp	Kilmarnock	St. Mirren	Kilmarnock	St. Mirren				2026-10-02T15:53:41.548727+00:00	2	scotland			
m_0GAHMK	l_1LMdEO	2026/2027	2027-01-23	2027-01-23T15:00:00+00:00	not_started	t_2pkWY0	t_2lf4Qe	Hibernian	Kilmarnock	Hibernian	Kilmarnock				2026-10-02T15:53:41.548727+00:00	2	scotland			
m_1rRhgh	l_1LMdEO	2026/2027	2027-01-23	2027-01-23T15:00:00+00:00	not_started	t_0TPUj3	t_0CVgUz	Rangers	St. Johnstone	Rangers	St. Johnstone				2026-10-02T15:53:41.548727+00:00	2	scotland			
m_2UTHLm	l_1LMdEO	2026/2027	2027-01-23	2027-01-23T15:00:00+00:00	not_started	t_2tSgyi	t_1etTie	Dundee FC	Aberdeen	Dundee FC	Aberdeen				2026-10-02T15:53:41.548727+00:00	2	scotland			
m_34QgNQ	l_1LMdEO	2026/2027	2027-01-23	2027-01-23T15:00:00+00:00	not_started	t_2uXQev	t_1MaGFI	Motherwell	Dundee United	Motherwell	Dundee United				2026-10-02T15:53:41.548727+00:00	2	scotland			
m_43EBp0	l_1LMdEO	2026/2027	2027-01-23	2027-01-23T15:00:00+00:00	not_started	t_33JOEX	t_2UPrdj	Falkirk	Heart of Midlothian	Falkirk	Heart of Midlothian				2026-10-02T15:53:41.548727+00:00	2	scotland			
m_26q2Ff	l_1LMdEO	2026/2027	2027-01-24	2027-01-24T15:00:00+00:00	not_started	t_0DQtXp	t_3k7Fcc	St. Mirren	Celtic	St. Mirren	Celtic				2026-10-02T15:53:41.548727+00:00	2	scotland			
m_0ka38P	l_1LMdEO	2026/2027	2027-01-30	2027-01-30T15:00:00+00:00	not_started	t_2lf4Qe	t_2uXQev	Kilmarnock	Motherwell	Kilmarnock	Motherwell				2026-10-02T15:53:41.548727+00:00	2	scotland			
m_0vNfih	l_1LMdEO	2026/2027	2027-01-30	2027-01-30T15:00:00+00:00	not_started	t_1etTie	t_0TPUj3	Aberdeen	Rangers	Aberdeen	Rangers				2026-10-02T15:53:41.548727+00:00	2	scotland			
m_21wYck	l_1LMdEO	2026/2027	2027-01-30	2027-01-30T15:00:00+00:00	not_started	t_2UPrdj	t_0DQtXp	Heart of Midlothian	St. Mirren	Heart of Midlothian	St. Mirren				2026-10-02T15:53:41.548727+00:00	2	scotland			
m_2QSxwU	l_1LMdEO	2026/2027	2027-01-30	2027-01-30T15:00:00+00:00	not_started	t_0CVgUz	t_1MaGFI	St. Johnstone	Dundee United	St. Johnstone	Dundee United				2026-10-02T15:53:41.548727+00:00	2	scotland			
m_3kbkfj	l_1LMdEO	2026/2027	2027-01-30	2027-01-30T15:00:00+00:00	not_started	t_2tSgyi	t_2pkWY0	Dundee FC	Hibernian	Dundee FC	Hibernian				2026-10-02T15:53:41.548727+00:00	2	scotland			
m_3czZ6e	l_1LMdEO	2026/2027	2027-01-31	2027-01-31T15:00:00+00:00	not_started	t_3k7Fcc	t_33JOEX	Celtic	Falkirk	Celtic	Falkirk				2026-10-02T15:53:41.548727+00:00	2	scotland			
m_0ZKpKo	l_1LMdEO	2026/2027	2027-02-03	2027-02-03T19:45:00+00:00	not_started	t_2uXQev	t_3k7Fcc	Motherwell	Celtic	Motherwell	Celtic				2026-10-02T15:53:41.548727+00:00	2	scotland			
m_0wqy2s	l_1LMdEO	2026/2027	2027-02-03	2027-02-03T19:45:00+00:00	not_started	t_2UPrdj	t_2tSgyi	Heart of Midlothian	Dundee FC	Heart of Midlothian	Dundee FC				2026-10-02T15:53:41.548727+00:00	2	scotland			
m_1L4ppH	l_1LMdEO	2026/2027	2027-02-03	2027-02-03T19:45:00+00:00	not_started	t_1MaGFI	t_2pkWY0	Dundee United	Hibernian	Dundee United	Hibernian				2026-10-02T15:53:41.548727+00:00	2	scotland			
m_1kSdXL	l_1LMdEO	2026/2027	2027-02-03	2027-02-03T19:45:00+00:00	not_started	t_0TPUj3	t_2lf4Qe	Rangers	Kilmarnock	Rangers	Kilmarnock				2026-10-02T15:53:41.548727+00:00	2	scotland			
m_2gOfwF	l_1LMdEO	2026/2027	2027-02-03	2027-02-03T19:45:00+00:00	not_started	t_0DQtXp	t_0CVgUz	St. Mirren	St. Johnstone	St. Mirren	St. Johnstone				2026-10-02T15:53:41.548727+00:00	2	scotland			
m_3UJ75a	l_1LMdEO	2026/2027	2027-02-03	2027-02-03T19:45:00+00:00	not_started	t_1etTie	t_33JOEX	Aberdeen	Falkirk	Aberdeen	Falkirk				2026-10-02T15:53:41.548727+00:00	2	scotland			
m_04jL5O	l_1LMdEO	2026/2027	2027-02-13	2027-02-13T15:00:00+00:00	not_started	t_33JOEX	t_0TPUj3	Falkirk	Rangers	Falkirk	Rangers				2026-10-02T15:53:41.548727+00:00	2	scotland			
m_2ELdKf	l_1LMdEO	2026/2027	2027-02-13	2027-02-13T15:00:00+00:00	not_started	t_3k7Fcc	t_2UPrdj	Celtic	Heart of Midlothian	Celtic	Heart of Midlothian				2026-10-02T15:53:41.548727+00:00	2	scotland			
m_2Iz0fX	l_1LMdEO	2026/2027	2027-02-13	2027-02-13T15:00:00+00:00	not_started	t_2pkWY0	t_1etTie	Hibernian	Aberdeen	Hibernian	Aberdeen				2026-10-02T15:53:41.548727+00:00	2	scotland			
m_2ooKg1	l_1LMdEO	2026/2027	2027-02-13	2027-02-13T15:00:00+00:00	not_started	t_2tSgyi	t_0CVgUz	Dundee FC	St. Johnstone	Dundee FC	St. Johnstone				2026-10-02T15:53:41.548727+00:00	2	scotland			
m_42Own7	l_1LMdEO	2026/2027	2027-02-13	2027-02-13T15:00:00+00:00	not_started	t_2lf4Qe	t_1MaGFI	Kilmarnock	Dundee United	Kilmarnock	Dundee United				2026-10-02T15:53:41.548727+00:00	2	scotland			
m_47IdMe	l_1LMdEO	2026/2027	2027-02-13	2027-02-13T15:00:00+00:00	not_started	t_0DQtXp	t_2uXQev	St. Mirren	Motherwell	St. Mirren	Motherwell				2026-10-02T15:53:41.548727+00:00	2	scotland			
m_0axEye	l_1LMdEO	2026/2027	2027-02-20	2027-02-20T15:00:00+00:00	not_started	t_2pkWY0	t_3k7Fcc	Hibernian	Celtic	Hibernian	Celtic				2026-10-02T15:53:41.548727+00:00	2	scotland			
m_1fiLar	l_1LMdEO	2026/2027	2027-02-20	2027-02-20T15:00:00+00:00	not_started	t_0CVgUz	t_2lf4Qe	St. Johnstone	Kilmarnock	St. Johnstone	Kilmarnock				2026-10-02T15:53:41.548727+00:00	2	scotland			
m_2Lx9du	l_1LMdEO	2026/2027	2027-02-20	2027-02-20T15:00:00+00:00	not_started	t_1MaGFI	t_1etTie	Dundee United	Aberdeen	Dundee United	Aberdeen				2026-10-02T15:53:41.548727+00:00	2	scotland			
m_2Xd3MJ	l_1LMdEO	2026/2027	2027-02-20	2027-02-20T15:00:00+00:00	not_started	t_2uXQev	t_2UPrdj	Motherwell	Heart of Midlothian	Motherwell	Heart of Midlothian				2026-10-02T15:53:41.548727+00:00	2	scotland			
m_31Ug88	l_1LMdEO	2026/2027	2027-02-20	2027-02-20T15:00:00+00:00	not_started	t_33JOEX	t_2tSgyi	Falkirk	Dundee FC	Falkirk	Dundee FC				2026-10-02T15:53:41.548727+00:00	2	scotland			
m_3MRomo	l_1LMdEO	2026/2027	2027-02-20	2027-02-20T15:00:00+00:00	not_started	t_0TPUj3	t_0DQtXp	Rangers	St. Mirren	Rangers	St. Mirren				2026-10-02T15:53:41.548727+00:00	2	scotland			
m_09DJ8Q	l_1LMdEO	2026/2027	2027-02-27	2027-02-27T15:00:00+00:00	not_started	t_2tSgyi	t_2lf4Qe	Dundee FC	Kilmarnock	Dundee FC	Kilmarnock				2026-10-02T15:53:41.548727+00:00	2	scotland			
m_0BmslS	l_1LMdEO	2026/2027	2027-02-27	2027-02-27T15:00:00+00:00	not_started	t_0DQtXp	t_2pkWY0	St. Mirren	Hibernian	St. Mirren	Hibernian				2026-10-02T15:53:41.548727+00:00	2	scotland			
m_0RP1g6	l_1LMdEO	2026/2027	2027-02-27	2027-02-27T15:00:00+00:00	not_started	t_1etTie	t_0CVgUz	Aberdeen	St. Johnstone	Aberdeen	St. Johnstone				2026-10-02T15:53:41.548727+00:00	2	scotland			
m_0gDQuu	l_1LMdEO	2026/2027	2027-02-27	2027-02-27T15:00:00+00:00	not_started	t_3k7Fcc	t_0TPUj3	Celtic	Rangers	Celtic	Rangers				2026-10-02T15:53:41.548727+00:00	2	scotland			
m_1iMxEZ	l_1LMdEO	2026/2027	2027-02-27	2027-02-27T15:00:00+00:00	not_started	t_2uXQev	t_33JOEX	Motherwell	Falkirk	Motherwell	Falkirk				2026-10-02T15:53:41.548727+00:00	2	scotland			
m_22Zk7X	l_1LMdEO	2026/2027	2027-02-27	2027-02-27T15:00:00+00:00	not_started	t_2UPrdj	t_1MaGFI	Heart of Midlothian	Dundee United	Heart of Midlothian	Dundee United				2026-10-02T15:53:41.548727+00:00	2	scotland			
m_1bLpe5	l_1LMdEO	2026/2027	2027-03-13	2027-03-13T15:00:00+00:00	not_started	t_2lf4Qe	t_2UPrdj	Kilmarnock	Heart of Midlothian	Kilmarnock	Heart of Midlothian				2026-10-02T15:53:41.548727+00:00	2	scotland			
m_2hhCoK	l_1LMdEO	2026/2027	2027-03-13	2027-03-13T15:00:00+00:00	not_started	t_2pkWY0	t_33JOEX	Hibernian	Falkirk	Hibernian	Falkirk				2026-10-02T15:53:41.548727+00:00	2	scotland			
m_3FXXOQ	l_1LMdEO	2026/2027	2027-03-13	2027-03-13T15:00:00+00:00	not_started	t_0CVgUz	t_3k7Fcc	St. Johnstone	Celtic	St. Johnstone	Celtic				2026-10-02T15:53:41.548727+00:00	2	scotland			
m_3gdl64	l_1LMdEO	2026/2027	2027-03-13	2027-03-13T15:00:00+00:00	not_started	t_0TPUj3	t_2uXQev	Rangers	Motherwell	Rangers	Motherwell				2026-10-02T15:53:41.548727+00:00	2	scotland			
m_43yHej	l_1LMdEO	2026/2027	2027-03-13	2027-03-13T15:00:00+00:00	not_started	t_1etTie	t_0DQtXp	Aberdeen	St. Mirren	Aberdeen	St. Mirren				2026-10-02T15:53:41.548727+00:00	2	scotland			
m_4dF1Y4	l_1LMdEO	2026/2027	2027-03-13	2027-03-13T15:00:00+00:00	not_started	t_1MaGFI	t_2tSgyi	Dundee United	Dundee FC	Dundee United	Dundee FC				2026-10-02T15:53:41.548727+00:00	2	scotland			
m_1Znbb6	l_1LMdEO	2026/2027	2027-03-20	2027-03-20T15:00:00+00:00	not_started	t_0DQtXp	t_1MaGFI	St. Mirren	Dundee United	St. Mirren	Dundee United				2026-10-02T15:53:41.548727+00:00	2	scotland			
m_1dxL1K	l_1LMdEO	2026/2027	2027-03-20	2027-03-20T15:00:00+00:00	not_started	t_33JOEX	t_2lf4Qe	Falkirk	Kilmarnock	Falkirk	Kilmarnock				2026-10-02T15:53:41.548727+00:00	2	scotland			
m_2YbYAp	l_1LMdEO	2026/2027	2027-03-20	2027-03-20T15:00:00+00:00	not_started	t_0CVgUz	t_2pkWY0	St. Johnstone	Hibernian	St. Johnstone	Hibernian				2026-10-02T15:53:41.548727+00:00	2	scotland			
m_2w8umx	l_1LMdEO	2026/2027	2027-03-20	2027-03-20T15:00:00+00:00	not_started	t_2UPrdj	t_0TPUj3	Heart of Midlothian	Rangers	Heart of Midlothian	Rangers				2026-10-02T15:53:41.548727+00:00	2	scotland			
m_3SpDQ3	l_1LMdEO	2026/2027	2027-03-20	2027-03-20T15:00:00+00:00	not_started	t_3k7Fcc	t_1etTie	Celtic	Aberdeen	Celtic	Aberdeen				2026-10-02T15:53:41.548727+00:00	2	scotland			
m_4d7BMy	l_1LMdEO	2026/2027	2027-03-20	2027-03-20T15:00:00+00:00	not_started	t_2tSgyi	t_2uXQev	Dundee FC	Motherwell	Dundee FC	Motherwell				2026-10-02T15:53:41.548727+00:00	2	scotland			
m_24l2Sb	l_1LMdEO	2026/2027	2027-04-03	2027-04-03T14:00:00+00:00	not_started	t_2lf4Qe	t_3k7Fcc	Kilmarnock	Celtic	Kilmarnock	Celtic				2026-10-02T15:53:41.548727+00:00	2	scotland			
m_2MzBky	l_1LMdEO	2026/2027	2027-04-03	2027-04-03T14:00:00+00:00	not_started	t_2uXQev	t_1etTie	Motherwell	Aberdeen	Motherwell	Aberdeen				2026-10-02T15:53:41.548727+00:00	2	scotland			
m_2sjFLS	l_1LMdEO	2026/2027	2027-04-03	2027-04-03T14:00:00+00:00	not_started	t_1MaGFI	t_33JOEX	Dundee United	Falkirk	Dundee United	Falkirk				2026-10-02T15:53:41.548727+00:00	2	scotland			
m_3CDg7d	l_1LMdEO	2026/2027	2027-04-03	2027-04-03T14:00:00+00:00	not_started	t_0DQtXp	t_2tSgyi	St. Mirren	Dundee FC	St. Mirren	Dundee FC				2026-10-02T15:53:41.548727+00:00	2	scotland			
m_3vVgMP	l_1LMdEO	2026/2027	2027-04-03	2027-04-03T14:00:00+00:00	not_started	t_0TPUj3	t_2pkWY0	Rangers	Hibernian	Rangers	Hibernian				2026-10-02T15:53:41.548727+00:00	2	scotland			
m_46ROTI	l_1LMdEO	2026/2027	2027-04-03	2027-04-03T14:00:00+00:00	not_started	t_2UPrdj	t_0CVgUz	Heart of Midlothian	St. Johnstone	Heart of Midlothian	St. Johnstone				2026-10-02T15:53:41.548727+00:00	2	scotland			
m_0zZ4JC	l_1LMdEO	2026/2027	2027-04-10	2027-04-10T14:00:00+00:00	not_started	t_1etTie	t_2lf4Qe	Aberdeen	Kilmarnock	Aberdeen	Kilmarnock				2026-10-02T15:53:41.548727+00:00	2	scotland			
m_1Jo765	l_1LMdEO	2026/2027	2027-04-10	2027-04-10T14:00:00+00:00	not_started	t_3k7Fcc	t_1MaGFI	Celtic	Dundee United	Celtic	Dundee United				2026-10-02T15:53:41.548727+00:00	2	scotland			
m_2V2dGA	l_1LMdEO	2026/2027	2027-04-10	2027-04-10T14:00:00+00:00	not_started	t_2pkWY0	t_2UPrdj	Hibernian	Heart of Midlothian	Hibernian	Heart of Midlothian				2026-10-02T15:53:41.548727+00:00	2	scotland			
m_2VMZSh	l_1LMdEO	2026/2027	2027-04-10	2027-04-10T14:00:00+00:00	not_started	t_33JOEX	t_0DQtXp	Falkirk	St. Mirren	Falkirk	St. Mirren				2026-10-02T15:53:41.548727+00:00	2	scotland			
m_38l0LQ	l_1LMdEO	2026/2027	2027-04-10	2027-04-10T14:00:00+00:00	not_started	t_0CVgUz	t_2uXQev	St. Johnstone	Motherwell	St. Johnstone	Motherwell				2026-10-02T15:53:41.548727+00:00	2	scotland			
m_4en2L7	l_1LMdEO	2026/2027	2027-04-10	2027-04-10T14:00:00+00:00	not_started	t_2tSgyi	t_0TPUj3	Dundee FC	Rangers	Dundee FC	Rangers				2026-10-02T15:53:41.548727+00:00	2	scotland			
