fixture_id	provider_match_id	confidence	reason	provider	home_team_id	away_team_id	kickoff_utc	mapped_at
fx:e2ecdc8486a4339c77bd	m_414Nwb	1.0	normalized oriented team pair + kickoff tolerance	pitchapi	scotland:dundee-united	scotland:rangers	2026-07-31 19:00:00+00:00	2026-10-02T15:39:35.827211+00:00
fx:6a2b712a8fafe4d058ad	m_2wLRM4	1.0	normalized oriented team pair + kickoff tolerance	pitchapi	scotland:falkirk	scotland:st-mirren	2026-08-01 14:00:00+00:00	2026-10-02T15:39:35.827211+00:00
fx:06ea00de2cd8ea7ab026	m_0xQ674	1.0	normalized oriented team pair + kickoff tolerance	pitchapi	scotland:st-johnstone	scotland:kilmarnock	2026-08-02 13:00:00+00:00	2026-10-02T15:39:35.827211+00:00
fx:42429d75451c94c0b0f6	m_3xcmq1	1.0	normalized oriented team pair + kickoff tolerance	pitchapi	scotland:hibernian	scotland:motherwell	2026-08-02 15:30:00+00:00	2026-10-02T15:39:35.827211+00:00
fx:097f5f9097e75ff327c9	m_4ddU5r	1.0	normalized oriented team pair + kickoff tolerance	pitchapi	scotland:st-mirren	scotland:st-johnstone	2026-08-08 14:00:00+00:00	2026-10-02T15:39:35.827211+00:00
fx:a0651d5399c3b573e381	m_0Chn53	1.0	normalized oriented team pair + kickoff tolerance	pitchapi	scotland:kilmarnock	scotland:celtic	2026-08-09 12:30:00+00:00	2026-10-02T15:39:35.827211+00:00
fx:e52a938e25c53dfcb593	m_3FmCb3	1.0	normalized oriented team pair + kickoff tolerance	pitchapi	scotland:motherwell	scotland:falkirk	2026-08-09 14:00:00+00:00	2026-10-02T15:39:35.827211+00:00
fx:f9cc7b77134550c82edd	m_3Yp7yy	1.0	normalized oriented team pair + kickoff tolerance	pitchapi	scotland:rangers	scotland:hibernian	2026-08-09 15:00:00+00:00	2026-10-02T15:39:35.827211+00:00
fx:56893a597bc7d8ba8006	m_41EC3I	1.0	normalized oriented team pair + kickoff tolerance	pitchapi	scotland:celtic	scotland:falkirk	2026-08-29 14:00:00+00:00	2026-10-02T15:39:35.827211+00:00
fx:1547d93a9837c91a2c2d	m_0bR9b1	1.0	normalized oriented team pair + kickoff tolerance	pitchapi	scotland:kilmarnock	scotland:dundee-united	2026-08-29 14:00:00+00:00	2026-10-02T15:39:35.827211+00:00
fx:5c39eb127c62a9ffd621	m_2CZi3Z	1.0	normalized oriented team pair + kickoff tolerance	pitchapi	scotland:aberdeen	scotland:rangers	2026-08-30 11:00:00+00:00	2026-10-02T15:39:35.827211+00:00
fx:eda5925c509a375069eb	m_0HuVR0	1.0	normalized oriented team pair + kickoff tolerance	pitchapi	scotland:st-mirren	scotland:motherwell	2026-08-30 14:00:00+00:00	2026-10-02T15:39:35.827211+00:00
fx:edd2d8574c8375adf52d	m_3bPzaM	1.0	normalized oriented team pair + kickoff tolerance	pitchapi	scotland:motherwell	scotland:dundee-united	2026-09-02 18:45:00+00:00	2026-10-02T15:39:35.827211+00:00
fx:7b9ccba9476f27126833	m_47WImN	1.0	normalized oriented team pair + kickoff tolerance	pitchapi	scotland:celtic	scotland:aberdeen	2026-09-02 18:45:00+00:00	2026-10-02T15:39:35.827211+00:00
fx:369dafae3823409b1d8e	m_0buuk9	1.0	normalized oriented team pair + kickoff tolerance	pitchapi	scotland:kilmarnock	scotland:st-mirren	2026-09-02 18:45:00+00:00	2026-10-02T15:39:35.827211+00:00
fx:09c277af9d67ccbc9ed7	m_3ieQSL	1.0	normalized oriented team pair + kickoff tolerance	pitchapi	scotland:falkirk	scotland:rangers	2026-09-02 19:00:00+00:00	2026-10-02T15:39:35.827211+00:00
fx:b687355e1a5fcf027f7d	m_4Go9iw	1.0	normalized oriented team pair + kickoff tolerance	pitchapi	scotland:dundee-united	scotland:falkirk	2026-09-05 14:00:00+00:00	2026-10-02T15:39:35.827211+00:00
fx:c22dc92ac04847ee4fc0	m_0DeZjH	1.0	normalized oriented team pair + kickoff tolerance	pitchapi	scotland:aberdeen	scotland:kilmarnock	2026-09-05 14:00:00+00:00	2026-10-02T15:39:35.827211+00:00
fx:0ce3372a4ec32a1a25b8	m_2JMG7c	1.0	normalized oriented team pair + kickoff tolerance	pitchapi	scotland:rangers	scotland:motherwell	2026-09-05 14:00:00+00:00	2026-10-02T15:39:35.827211+00:00
fx:e73671066276ca8e429c	m_20gUWR	1.0	normalized oriented team pair + kickoff tolerance	pitchapi	scotland:st-mirren	scotland:celtic	2026-09-05 19:00:00+00:00	2026-10-02T15:39:35.827211+00:00
fx:a9d6b03796b79fe8165d	m_0d6p7g	1.0	normalized oriented team pair + kickoff tolerance	pitchapi	scotland:st-johnstone	scotland:hibernian	2026-09-06 14:00:00+00:00	2026-10-02T15:39:35.827211+00:00
fx:867337a00abd273c5314	m_4cdSpW	1.0	normalized oriented team pair + kickoff tolerance	pitchapi	scotland:rangers	scotland:st-mirren	2026-09-09 18:45:00+00:00	2026-10-02T15:39:35.827211+00:00
fx:fae9d81c28cdc9e7f754	m_4LxPXM	1.0	normalized oriented team pair + kickoff tolerance	pitchapi	scotland:st-johnstone	scotland:celtic	2026-09-09 19:00:00+00:00	2026-10-02T15:39:35.827211+00:00
fx:6f48dd93670f52ed110d	m_2mUKk6	1.0	normalized oriented team pair + kickoff tolerance	pitchapi	scotland:hibernian	scotland:kilmarnock	2026-09-15 18:45:00+00:00	2026-10-02T15:39:35.827211+00:00
fx:ad185cea547e295ba3a8	m_1krRVO	1.0	normalized oriented team pair + kickoff tolerance	pitchapi	scotland:motherwell	scotland:aberdeen	2026-09-15 18:45:00+00:00	2026-10-02T15:39:35.827211+00:00
fx:f8a5215aae38032ec2a8	m_28rT0a	1.0	normalized oriented team pair + kickoff tolerance	pitchapi	scotland:hibernian	scotland:aberdeen	2026-09-19 14:00:00+00:00	2026-10-02T15:39:35.827211+00:00
fx:72d32b8efa5eb9d4fd9f	m_287Ny9	1.0	normalized oriented team pair + kickoff tolerance	pitchapi	scotland:st-mirren	scotland:dundee-united	2026-09-19 14:00:00+00:00	2026-10-02T15:39:35.827211+00:00
fx:f56b41f22dd624c989f5	m_2h8jrj	1.0	normalized oriented team pair + kickoff tolerance	pitchapi	scotland:st-johnstone	scotland:falkirk	2026-09-19 14:00:00+00:00	2026-10-02T15:39:35.827211+00:00
fx:612b595c0019935fb649	m_3K1cSj	1.0	normalized oriented team pair + kickoff tolerance	pitchapi	scotland:celtic	scotland:rangers	2026-09-20 11:00:00+00:00	2026-10-02T15:39:35.827211+00:00
scotland:espn:401878371	m_4PlnO4	1.0	normalized oriented team pair + kickoff tolerance	pitchapi	scotland:heart-of-midlothian	scotland:st-mirren	2026-10-10 14:00:00+00:00	2026-10-02T15:53:40.340339+00:00
scotland:espn:401878373	m_20ok7m	1.0	normalized oriented team pair + kickoff tolerance	pitchapi	scotland:dundee-united	scotland:hibernian	2026-10-10 14:00:00+00:00	2026-10-02T15:53:40.340339+00:00
scotland:espn:401878369	m_423UnB	1.0	normalized oriented team pair + kickoff tolerance	pitchapi	scotland:rangers	scotland:kilmarnock	2026-10-10 14:00:00+00:00	2026-10-02T15:53:40.340339+00:00
scotland:espn:401878370	m_3dICON	1.0	normalized oriented team pair + kickoff tolerance	pitchapi	scotland:motherwell	scotland:celtic	2026-10-11 11:00:00+00:00	2026-10-02T15:53:40.340339+00:00
scotland:espn:401878374	m_3qjgGv	1.0	normalized oriented team pair + kickoff tolerance	pitchapi	scotland:aberdeen	scotland:st-johnstone	2026-10-11 13:00:00+00:00	2026-10-02T15:53:40.340339+00:00
scotland:espn:401878365	m_0ggu4o	1.0	normalized oriented team pair + kickoff tolerance	pitchapi	scotland:hibernian	scotland:falkirk	2026-10-17 14:00:00+00:00	2026-10-02T15:53:40.340339+00:00
scotland:espn:401878364	m_4deBo6	1.0	normalized oriented team pair + kickoff tolerance	pitchapi	scotland:kilmarnock	scotland:motherwell	2026-10-17 14:00:00+00:00	2026-10-02T15:53:40.340339+00:00
scotland:espn:401878368	m_3FyFYz	1.0	normalized oriented team pair + kickoff tolerance	pitchapi	scotland:aberdeen	scotland:st-mirren	2026-10-17 14:00:00+00:00	2026-10-02T15:53:40.340339+00:00
scotland:espn:401878363	m_3zHDZq	1.0	normalized oriented team pair + kickoff tolerance	pitchapi	scotland:st-johnstone	scotland:dundee-united	2026-10-17 14:00:00+00:00	2026-10-02T15:53:40.340339+00:00
scotland:espn:401878367	m_2FJlRD	1.0	normalized oriented team pair + kickoff tolerance	pitchapi	scotland:celtic	scotland:heart-of-midlothian	2026-10-18 14:00:00+00:00	2026-10-02T15:53:40.340339+00:00
scotland:espn:401878358	m_17HpJS	1.0	normalized oriented team pair + kickoff tolerance	pitchapi	scotland:rangers	scotland:st-johnstone	2026-10-24 14:00:00+00:00	2026-10-02T15:53:40.340339+00:00
scotland:espn:401878362	m_3EAAjs	1.0	normalized oriented team pair + kickoff tolerance	pitchapi	scotland:dundee-united	scotland:aberdeen	2026-10-24 14:00:00+00:00	2026-10-02T15:53:40.340339+00:00
scotland:espn:401878361	m_4cO8cc	1.0	normalized oriented team pair + kickoff tolerance	pitchapi	scotland:falkirk	scotland:kilmarnock	2026-10-24 14:00:00+00:00	2026-10-02T15:53:40.340339+00:00
scotland:espn:401878360	m_1ihlEN	1.0	normalized oriented team pair + kickoff tolerance	pitchapi	scotland:hibernian	scotland:celtic	2026-10-25 12:00:00+00:00	2026-10-02T15:53:40.340339+00:00
scotland:espn:401878359	m_4an5hk	1.0	normalized oriented team pair + kickoff tolerance	pitchapi	scotland:motherwell	scotland:heart-of-midlothian	2026-10-25 14:00:00+00:00	2026-10-02T15:53:40.340339+00:00
scotland:espn:401878352	m_1YGaK1	1.0	normalized oriented team pair + kickoff tolerance	pitchapi	scotland:st-johnstone	scotland:motherwell	2026-10-28 19:45:00+00:00	2026-10-02T15:53:40.340339+00:00
scotland:espn:401878356	m_0IhUtW	1.0	normalized oriented team pair + kickoff tolerance	pitchapi	scotland:aberdeen	scotland:falkirk	2026-10-28 19:45:00+00:00	2026-10-02T15:53:40.340339+00:00
scotland:espn:401878355	m_0emsGF	1.0	normalized oriented team pair + kickoff tolerance	pitchapi	scotland:celtic	scotland:dundee-united	2026-10-28 19:45:00+00:00	2026-10-02T15:53:40.340339+00:00
scotland:espn:401878351	m_2IwpT4	1.0	normalized oriented team pair + kickoff tolerance	pitchapi	scotland:st-mirren	scotland:hibernian	2026-10-28 19:45:00+00:00	2026-10-02T15:53:40.340339+00:00
scotland:espn:401878353	m_02l7cY	1.0	normalized oriented team pair + kickoff tolerance	pitchapi	scotland:heart-of-midlothian	scotland:rangers	2026-10-28 20:00:00+00:00	2026-10-02T15:53:40.340339+00:00
scotland:espn:401878350	m_3MK6mk	1.0	normalized oriented team pair + kickoff tolerance	pitchapi	scotland:dundee-united	scotland:heart-of-midlothian	2026-10-31 15:00:00+00:00	2026-10-02T15:53:40.340339+00:00
scotland:espn:401878346	m_3cXVSL	1.0	normalized oriented team pair + kickoff tolerance	pitchapi	scotland:motherwell	scotland:st-mirren	2026-10-31 15:00:00+00:00	2026-10-02T15:53:40.340339+00:00
scotland:espn:401878347	m_1q4R8P	1.0	normalized oriented team pair + kickoff tolerance	pitchapi	scotland:kilmarnock	scotland:st-johnstone	2026-10-31 15:00:00+00:00	2026-10-02T15:53:40.340339+00:00
scotland:espn:401878349	m_0VT8uk	1.0	normalized oriented team pair + kickoff tolerance	pitchapi	scotland:falkirk	scotland:celtic	2026-11-01 13:00:00+00:00	2026-10-02T15:53:40.340339+00:00
scotland:espn:401878342	m_0g7IpO	1.0	normalized oriented team pair + kickoff tolerance	pitchapi	scotland:dundee-united	scotland:motherwell	2026-11-07 15:00:00+00:00	2026-10-02T15:53:40.340339+00:00
scotland:espn:401878344	m_2fKtRe	1.0	normalized oriented team pair + kickoff tolerance	pitchapi	scotland:aberdeen	scotland:hibernian	2026-11-07 17:45:00+00:00	2026-10-02T15:53:40.340339+00:00
scotland:espn:401878340	m_3wxe4p	1.0	normalized oriented team pair + kickoff tolerance	pitchapi	scotland:st-mirren	scotland:rangers	2026-11-07 20:00:00+00:00	2026-10-02T15:53:40.340339+00:00
scotland:espn:401878339	m_07h4W8	1.0	normalized oriented team pair + kickoff tolerance	pitchapi	scotland:heart-of-midlothian	scotland:falkirk	2026-11-08 15:00:00+00:00	2026-10-02T15:53:40.340339+00:00
scotland:espn:401878343	m_26kQvF	1.0	normalized oriented team pair + kickoff tolerance	pitchapi	scotland:celtic	scotland:kilmarnock	2026-11-08 16:00:00+00:00	2026-10-02T15:53:40.340339+00:00
scotland:espn:401878334	m_1aTI5M	1.0	normalized oriented team pair + kickoff tolerance	pitchapi	scotland:kilmarnock	scotland:aberdeen	2026-11-21 15:00:00+00:00	2026-10-02T15:53:40.340339+00:00
scotland:espn:401878335	m_1DOlHW	1.0	normalized oriented team pair + kickoff tolerance	pitchapi	scotland:hibernian	scotland:dundee-united	2026-11-21 15:00:00+00:00	2026-10-02T15:53:40.340339+00:00
scotland:espn:401878336	m_1CICUz	1.0	normalized oriented team pair + kickoff tolerance	pitchapi	scotland:falkirk	scotland:st-johnstone	2026-11-21 15:00:00+00:00	2026-10-02T15:53:40.340339+00:00
scotland:espn:401878338	m_4NpGUL	1.0	normalized oriented team pair + kickoff tolerance	pitchapi	scotland:celtic	scotland:st-mirren	2026-11-21 15:00:00+00:00	2026-10-02T15:53:40.340339+00:00
scotland:espn:401878333	m_3hzqES	1.0	normalized oriented team pair + kickoff tolerance	pitchapi	scotland:motherwell	scotland:rangers	2026-11-21 20:00:00+00:00	2026-10-02T15:53:40.340339+00:00
scotland:espn:401878345	m_4Ujw4a	1.0	normalized oriented team pair + kickoff tolerance	pitchapi	scotland:rangers	scotland:aberdeen	2026-11-24 20:00:00+00:00	2026-10-02T15:53:40.340339+00:00
scotland:espn:401878331	m_2BpWOB	1.0	normalized oriented team pair + kickoff tolerance	pitchapi	scotland:dundee-united	scotland:st-johnstone	2026-11-28 15:00:00+00:00	2026-10-02T15:53:40.340339+00:00
scotland:espn:401878327	m_0sA8ql	1.0	normalized oriented team pair + kickoff tolerance	pitchapi	scotland:st-mirren	scotland:kilmarnock	2026-11-28 15:00:00+00:00	2026-10-02T15:53:40.340339+00:00
scotland:espn:401878328	m_3VqOX1	1.0	normalized oriented team pair + kickoff tolerance	pitchapi	scotland:rangers	scotland:falkirk	2026-11-28 15:00:00+00:00	2026-10-02T15:53:40.340339+00:00
scotland:espn:401878329	m_20fezt	1.0	normalized oriented team pair + kickoff tolerance	pitchapi	scotland:motherwell	scotland:hibernian	2026-11-28 17:45:00+00:00	2026-10-02T15:53:40.340339+00:00
scotland:espn:401878330	m_3jeuu6	1.0	normalized oriented team pair + kickoff tolerance	pitchapi	scotland:heart-of-midlothian	scotland:celtic	2026-11-29 15:00:00+00:00	2026-10-02T15:53:40.340339+00:00
