fixture_id,provider_event_id,source,observed_at,kickoff_utc,edition_id,rules_version,Date,Time,HomeTeam,AwayTeam,home_team_id,away_team_id,Status
scotland:espn:401878373,401878373,espn,2026-10-03T12:38:48.078274+00:00,2026-10-10T14:00:00+00:00,sco.1:2026-27,sco.1-2026-27-v1,2026-10-10,15:00,Dundee United,Hibernian,scotland:dundee-united,scotland:hibernian,STATUS_SCHEDULED
scotland:espn:401878372,401878372,espn,2026-10-03T12:38:48.078274+00:00,2026-10-10T14:00:00+00:00,sco.1:2026-27,sco.1-2026-27-v1,2026-10-10,15:00,Falkirk,Dundee,scotland:falkirk,scotland:dundee,STATUS_SCHEDULED
scotland:espn:401878371,401878371,espn,2026-10-03T12:38:48.078274+00:00,2026-10-10T14:00:00+00:00,sco.1:2026-27,sco.1-2026-27-v1,2026-10-10,15:00,Heart of Midlothian,St Mirren,scotland:heart-of-midlothian,scotland:st-mirren,STATUS_SCHEDULED
scotland:espn:401878369,401878369,espn,2026-10-03T12:38:48.078274+00:00,2026-10-10T14:00:00+00:00,sco.1:2026-27,sco.1-2026-27-v1,2026-10-10,15:00,Rangers,Kilmarnock,scotland:rangers,scotland:kilmarnock,STATUS_SCHEDULED
scotland:espn:401878370,401878370,espn,2026-10-03T12:38:48.078274+00:00,2026-10-11T11:00:00+00:00,sco.1:2026-27,sco.1-2026-27-v1,2026-10-11,12:00,Motherwell,Celtic,scotland:motherwell,scotland:celtic,STATUS_SCHEDULED
scotland:espn:401878374,401878374,espn,2026-10-03T12:38:48.078274+00:00,2026-10-11T13:00:00+00:00,sco.1:2026-27,sco.1-2026-27-v1,2026-10-11,14:00,Aberdeen,St Johnstone,scotland:aberdeen,scotland:st-johnstone,STATUS_SCHEDULED
scotland:espn:401878368,401878368,espn,2026-10-03T12:38:48.078274+00:00,2026-10-17T14:00:00+00:00,sco.1:2026-27,sco.1-2026-27-v1,2026-10-17,15:00,Aberdeen,St Mirren,scotland:aberdeen,scotland:st-mirren,STATUS_SCHEDULED
scotland:espn:401878365,401878365,espn,2026-10-03T12:38:48.078274+00:00,2026-10-17T14:00:00+00:00,sco.1:2026-27,sco.1-2026-27-v1,2026-10-17,15:00,Hibernian,Falkirk,scotland:hibernian,scotland:falkirk,STATUS_SCHEDULED
scotland:espn:401878364,401878364,espn,2026-10-03T12:38:48.078274+00:00,2026-10-17T14:00:00+00:00,sco.1:2026-27,sco.1-2026-27-v1,2026-10-17,15:00,Kilmarnock,Motherwell,scotland:kilmarnock,scotland:motherwell,STATUS_SCHEDULED
scotland:espn:401878363,401878363,espn,2026-10-03T12:38:48.078274+00:00,2026-10-17T14:00:00+00:00,sco.1:2026-27,sco.1-2026-27-v1,2026-10-17,15:00,St Johnstone,Dundee United,scotland:st-johnstone,scotland:dundee-united,STATUS_SCHEDULED
scotland:espn:401878366,401878366,espn,2026-10-03T12:38:48.078274+00:00,2026-10-17T19:00:00+00:00,sco.1:2026-27,sco.1-2026-27-v1,2026-10-17,20:00,Dundee,Rangers,scotland:dundee,scotland:rangers,STATUS_SCHEDULED
scotland:espn:401878367,401878367,espn,2026-10-03T12:38:48.078274+00:00,2026-10-18T14:00:00+00:00,sco.1:2026-27,sco.1-2026-27-v1,2026-10-18,15:00,Celtic,Heart of Midlothian,scotland:celtic,scotland:heart-of-midlothian,STATUS_SCHEDULED
scotland:espn:401878362,401878362,espn,2026-10-03T12:38:48.078274+00:00,2026-10-24T14:00:00+00:00,sco.1:2026-27,sco.1-2026-27-v1,2026-10-24,15:00,Dundee United,Aberdeen,scotland:dundee-united,scotland:aberdeen,STATUS_SCHEDULED
scotland:espn:401878361,401878361,espn,2026-10-03T12:38:48.078274+00:00,2026-10-24T14:00:00+00:00,sco.1:2026-27,sco.1-2026-27-v1,2026-10-24,15:00,Falkirk,Kilmarnock,scotland:falkirk,scotland:kilmarnock,STATUS_SCHEDULED
scotland:espn:401878358,401878358,espn,2026-10-03T12:38:48.078274+00:00,2026-10-24T14:00:00+00:00,sco.1:2026-27,sco.1-2026-27-v1,2026-10-24,15:00,Rangers,St Johnstone,scotland:rangers,scotland:st-johnstone,STATUS_SCHEDULED
scotland:espn:401878357,401878357,espn,2026-10-03T12:38:48.078274+00:00,2026-10-24T14:00:00+00:00,sco.1:2026-27,sco.1-2026-27-v1,2026-10-24,15:00,St Mirren,Dundee,scotland:st-mirren,scotland:dundee,STATUS_SCHEDULED
scotland:espn:401878360,401878360,espn,2026-10-03T12:38:48.078274+00:00,2026-10-25T12:00:00+00:00,sco.1:2026-27,sco.1-2026-27-v1,2026-10-25,12:00,Hibernian,Celtic,scotland:hibernian,scotland:celtic,STATUS_SCHEDULED
scotland:espn:401878359,401878359,espn,2026-10-03T12:38:48.078274+00:00,2026-10-25T14:00:00+00:00,sco.1:2026-27,sco.1-2026-27-v1,2026-10-25,14:00,Motherwell,Heart of Midlothian,scotland:motherwell,scotland:heart-of-midlothian,STATUS_SCHEDULED
scotland:espn:401878356,401878356,espn,2026-10-03T12:38:48.078274+00:00,2026-10-28T19:45:00+00:00,sco.1:2026-27,sco.1-2026-27-v1,2026-10-28,19:45,Aberdeen,Falkirk,scotland:aberdeen,scotland:falkirk,STATUS_SCHEDULED
scotland:espn:401878355,401878355,espn,2026-10-03T12:38:48.078274+00:00,2026-10-28T19:45:00+00:00,sco.1:2026-27,sco.1-2026-27-v1,2026-10-28,19:45,Celtic,Dundee United,scotland:celtic,scotland:dundee-united,STATUS_SCHEDULED
scotland:espn:401878354,401878354,espn,2026-10-03T12:38:48.078274+00:00,2026-10-28T19:45:00+00:00,sco.1:2026-27,sco.1-2026-27-v1,2026-10-28,19:45,Dundee,Kilmarnock,scotland:dundee,scotland:kilmarnock,STATUS_SCHEDULED
scotland:espn:401878352,401878352,espn,2026-10-03T12:38:48.078274+00:00,2026-10-28T19:45:00+00:00,sco.1:2026-27,sco.1-2026-27-v1,2026-10-28,19:45,St Johnstone,Motherwell,scotland:st-johnstone,scotland:motherwell,STATUS_SCHEDULED
scotland:espn:401878351,401878351,espn,2026-10-03T12:38:48.078274+00:00,2026-10-28T19:45:00+00:00,sco.1:2026-27,sco.1-2026-27-v1,2026-10-28,19:45,St Mirren,Hibernian,scotland:st-mirren,scotland:hibernian,STATUS_SCHEDULED
scotland:espn:401878353,401878353,espn,2026-10-03T12:38:48.078274+00:00,2026-10-28T20:00:00+00:00,sco.1:2026-27,sco.1-2026-27-v1,2026-10-28,20:00,Heart of Midlothian,Rangers,scotland:heart-of-midlothian,scotland:rangers,STATUS_SCHEDULED
scotland:espn:401878350,401878350,espn,2026-10-03T12:38:48.078274+00:00,2026-10-31T15:00:00+00:00,sco.1:2026-27,sco.1-2026-27-v1,2026-10-31,15:00,Dundee United,Heart of Midlothian,scotland:dundee-united,scotland:heart-of-midlothian,STATUS_POSTPONED
scotland:espn:401878347,401878347,espn,2026-10-03T12:38:48.078274+00:00,2026-10-31T15:00:00+00:00,sco.1:2026-27,sco.1-2026-27-v1,2026-10-31,15:00,Kilmarnock,St Johnstone,scotland:kilmarnock,scotland:st-johnstone,STATUS_SCHEDULED
scotland:espn:401878346,401878346,espn,2026-10-03T12:38:48.078274+00:00,2026-10-31T15:00:00+00:00,sco.1:2026-27,sco.1-2026-27-v1,2026-10-31,15:00,Motherwell,St Mirren,scotland:motherwell,scotland:st-mirren,STATUS_SCHEDULED
scotland:espn:401878349,401878349,espn,2026-10-03T12:38:48.078274+00:00,2026-11-01T13:00:00+00:00,sco.1:2026-27,sco.1-2026-27-v1,2026-11-01,13:00,Falkirk,Celtic,scotland:falkirk,scotland:celtic,STATUS_SCHEDULED
scotland:espn:401878342,401878342,espn,2026-10-03T12:38:48.078274+00:00,2026-11-07T15:00:00+00:00,sco.1:2026-27,sco.1-2026-27-v1,2026-11-07,15:00,Dundee United,Motherwell,scotland:dundee-united,scotland:motherwell,STATUS_SCHEDULED
scotland:espn:401878341,401878341,espn,2026-10-03T12:38:48.078274+00:00,2026-11-07T15:00:00+00:00,sco.1:2026-27,sco.1-2026-27-v1,2026-11-07,15:00,St Johnstone,Dundee,scotland:st-johnstone,scotland:dundee,STATUS_SCHEDULED
scotland:espn:401878344,401878344,espn,2026-10-03T12:38:48.078274+00:00,2026-11-07T17:45:00+00:00,sco.1:2026-27,sco.1-2026-27-v1,2026-11-07,17:45,Aberdeen,Hibernian,scotland:aberdeen,scotland:hibernian,STATUS_SCHEDULED
scotland:espn:401878340,401878340,espn,2026-10-03T12:38:48.078274+00:00,2026-11-07T20:00:00+00:00,sco.1:2026-27,sco.1-2026-27-v1,2026-11-07,20:00,St Mirren,Rangers,scotland:st-mirren,scotland:rangers,STATUS_SCHEDULED
scotland:espn:401878339,401878339,espn,2026-10-03T12:38:48.078274+00:00,2026-11-08T15:00:00+00:00,sco.1:2026-27,sco.1-2026-27-v1,2026-11-08,15:00,Heart of Midlothian,Falkirk,scotland:heart-of-midlothian,scotland:falkirk,STATUS_SCHEDULED
scotland:espn:401878343,401878343,espn,2026-10-03T12:38:48.078274+00:00,2026-11-08T16:00:00+00:00,sco.1:2026-27,sco.1-2026-27-v1,2026-11-08,16:00,Celtic,Kilmarnock,scotland:celtic,scotland:kilmarnock,STATUS_SCHEDULED
scotland:espn:401878338,401878338,espn,2026-10-03T12:38:48.078274+00:00,2026-11-21T15:00:00+00:00,sco.1:2026-27,sco.1-2026-27-v1,2026-11-21,15:00,Celtic,St Mirren,scotland:celtic,scotland:st-mirren,STATUS_SCHEDULED
scotland:espn:401878336,401878336,espn,2026-10-03T12:38:48.078274+00:00,2026-11-21T15:00:00+00:00,sco.1:2026-27,sco.1-2026-27-v1,2026-11-21,15:00,Falkirk,St Johnstone,scotland:falkirk,scotland:st-johnstone,STATUS_SCHEDULED
scotland:espn:401878335,401878335,espn,2026-10-03T12:38:48.078274+00:00,2026-11-21T15:00:00+00:00,sco.1:2026-27,sco.1-2026-27-v1,2026-11-21,15:00,Hibernian,Dundee United,scotland:hibernian,scotland:dundee-united,STATUS_SCHEDULED
scotland:espn:401878334,401878334,espn,2026-10-03T12:38:48.078274+00:00,2026-11-21T15:00:00+00:00,sco.1:2026-27,sco.1-2026-27-v1,2026-11-21,15:00,Kilmarnock,Aberdeen,scotland:kilmarnock,scotland:aberdeen,STATUS_SCHEDULED
scotland:espn:401878337,401878337,espn,2026-10-03T12:38:48.078274+00:00,2026-11-21T17:45:00+00:00,sco.1:2026-27,sco.1-2026-27-v1,2026-11-21,17:45,Dundee,Heart of Midlothian,scotland:dundee,scotland:heart-of-midlothian,STATUS_SCHEDULED
scotland:espn:401878333,401878333,espn,2026-10-03T12:38:48.078274+00:00,2026-11-21T20:00:00+00:00,sco.1:2026-27,sco.1-2026-27-v1,2026-11-21,20:00,Motherwell,Rangers,scotland:motherwell,scotland:rangers,STATUS_SCHEDULED
scotland:espn:401878348,401878348,espn,2026-10-03T12:38:48.078274+00:00,2026-11-24T19:45:00+00:00,sco.1:2026-27,sco.1-2026-27-v1,2026-11-24,19:45,Hibernian,Dundee,scotland:hibernian,scotland:dundee,STATUS_SCHEDULED
scotland:espn:401878345,401878345,espn,2026-10-03T12:38:48.078274+00:00,2026-11-24T20:00:00+00:00,sco.1:2026-27,sco.1-2026-27-v1,2026-11-24,20:00,Rangers,Aberdeen,scotland:rangers,scotland:aberdeen,STATUS_SCHEDULED
scotland:espn:401878332,401878332,espn,2026-10-03T12:38:48.078274+00:00,2026-11-28T15:00:00+00:00,sco.1:2026-27,sco.1-2026-27-v1,2026-11-28,15:00,Aberdeen,Dundee,scotland:aberdeen,scotland:dundee,STATUS_SCHEDULED
scotland:espn:401878331,401878331,espn,2026-10-03T12:38:48.078274+00:00,2026-11-28T15:00:00+00:00,sco.1:2026-27,sco.1-2026-27-v1,2026-11-28,15:00,Dundee United,St Johnstone,scotland:dundee-united,scotland:st-johnstone,STATUS_SCHEDULED
scotland:espn:401878328,401878328,espn,2026-10-03T12:38:48.078274+00:00,2026-11-28T15:00:00+00:00,sco.1:2026-27,sco.1-2026-27-v1,2026-11-28,15:00,Rangers,Falkirk,scotland:rangers,scotland:falkirk,STATUS_SCHEDULED
scotland:espn:401878327,401878327,espn,2026-10-03T12:38:48.078274+00:00,2026-11-28T15:00:00+00:00,sco.1:2026-27,sco.1-2026-27-v1,2026-11-28,15:00,St Mirren,Kilmarnock,scotland:st-mirren,scotland:kilmarnock,STATUS_SCHEDULED
scotland:espn:401878329,401878329,espn,2026-10-03T12:38:48.078274+00:00,2026-11-28T17:45:00+00:00,sco.1:2026-27,sco.1-2026-27-v1,2026-11-28,17:45,Motherwell,Hibernian,scotland:motherwell,scotland:hibernian,STATUS_SCHEDULED
scotland:espn:401878330,401878330,espn,2026-10-03T12:38:48.078274+00:00,2026-11-29T15:00:00+00:00,sco.1:2026-27,sco.1-2026-27-v1,2026-11-29,15:00,Heart of Midlothian,Celtic,scotland:heart-of-midlothian,scotland:celtic,STATUS_SCHEDULED
scotland:espn:401878326,401878326,espn,2026-10-03T12:38:48.078274+00:00,2026-12-02T19:45:00+00:00,sco.1:2026-27,sco.1-2026-27-v1,2026-12-02,19:45,Dundee,Celtic,scotland:dundee,scotland:celtic,STATUS_SCHEDULED
scotland:espn:401878325,401878325,espn,2026-10-03T12:38:48.078274+00:00,2026-12-02T19:45:00+00:00,sco.1:2026-27,sco.1-2026-27-v1,2026-12-02,19:45,Falkirk,Motherwell,scotland:falkirk,scotland:motherwell,STATUS_SCHEDULED
scotland:espn:401878324,401878324,espn,2026-10-03T12:38:48.078274+00:00,2026-12-02T19:45:00+00:00,sco.1:2026-27,sco.1-2026-27-v1,2026-12-02,19:45,Heart of Midlothian,Aberdeen,scotland:heart-of-midlothian,scotland:aberdeen,STATUS_SCHEDULED
scotland:espn:401878323,401878323,espn,2026-10-03T12:38:48.078274+00:00,2026-12-02T19:45:00+00:00,sco.1:2026-27,sco.1-2026-27-v1,2026-12-02,19:45,Kilmarnock,Hibernian,scotland:kilmarnock,scotland:hibernian,STATUS_SCHEDULED
scotland:espn:401878322,401878322,espn,2026-10-03T12:38:48.078274+00:00,2026-12-02T19:45:00+00:00,sco.1:2026-27,sco.1-2026-27-v1,2026-12-02,19:45,Rangers,Dundee United,scotland:rangers,scotland:dundee-united,STATUS_SCHEDULED
scotland:espn:401878321,401878321,espn,2026-10-03T12:38:48.078274+00:00,2026-12-02T19:45:00+00:00,sco.1:2026-27,sco.1-2026-27-v1,2026-12-02,19:45,St Johnstone,St Mirren,scotland:st-johnstone,scotland:st-mirren,STATUS_SCHEDULED
