fixture_id,provider_event_id,source,observed_at,kickoff_utc,edition_id,rules_version,Date,Time,HomeTeam,AwayTeam,home_team_id,away_team_id,Status,Temperature,Humidity,WindSpeed,Precipitation,WeatherCondition,WeatherDescription,home_history_n,home_rest_days,home_points_l5,home_goals_for_l5,home_goals_against_l5,home_goal_diff_l10,home_clean_sheet_l10,home_shots_for_ewm10,home_shots_against_ewm10,away_history_n,away_rest_days,away_points_l5,away_goals_for_l5,away_goals_against_l5,away_goal_diff_l10,away_clean_sheet_l10,away_shots_for_ewm10,away_shots_against_ewm10,HomeTeamPointsLast5,AwayTeamPointsLast5,HomeRestDays,AwayRestDays,as_of,HomeWin_Prob,Draw_Prob,AwayWin_Prob,PredictedResult,ModelLean,ModelLeanProbability,Risk_Score,Confidence_Score,Risk_Category,Recommendation,BetRecommendation,BetReason,PredictionGeneratedAt,OddsProviderEventId,OddsHome,OddsDraw,OddsAway,OddsHomeBookmaker,OddsDrawBookmaker,OddsAwayBookmaker
scotland:espn:401878373,401878373,espn,2026-10-02T11:57:31.687976+00:00,2026-10-10 14:00:00+00:00,sco.1:2026-27,sco.1-2026-27-v1,2026-10-10,15:00,Dundee United,Hibernian,scotland:dundee-united,scotland:hibernian,STATUS_SCHEDULED,,,,,Unknown,Unknown,121,21.0,7.0,1.6,1.2,-0.4,0.3,15.49417135093685,14.77411207980164,159,21.0,4.0,1.0,1.6,-0.1,0.0,14.772155018374361,12.583224783851733,7.0,4.0,21.0,21.0,2026-10-02T16:17:03.344538+00:00,0.5148155993001372,0.2703817002877265,0.2148027004121363,Home Win,Dundee United,0.5148155993001372,73.86507531993662,0.26134924680063376,Moderate Risk,No Clear Edge,No bet,Market odds unavailable; betting value cannot be established.,2026-10-02T16:17:06.827514+00:00,,,,,,,
scotland:espn:401878372,401878372,espn,2026-10-02T11:57:31.687976+00:00,2026-10-10 14:00:00+00:00,sco.1:2026-27,sco.1-2026-27-v1,2026-10-10,15:00,Falkirk,Dundee,scotland:falkirk,scotland:dundee,STATUS_SCHEDULED,,,,,Unknown,Unknown,45,21.0,5.0,1.2,1.4,-1.1,0.1,10.996742156438199,13.975731564534051,121,21.0,7.0,1.4,1.2,0.4,0.3,10.417436283043447,18.025839278296484,5.0,7.0,21.0,21.0,2026-10-02T16:17:03.344538+00:00,0.4426185633151275,0.2437416161376026,0.31363982054727,Home Win,Falkirk,0.4426185633151275,84.97478906726784,0.15025210932732155,High Risk,No Clear Edge,No bet,Market odds unavailable; betting value cannot be established.,2026-10-02T16:17:06.827514+00:00,,,,,,,
scotland:espn:401878371,401878371,espn,2026-10-02T11:57:31.687976+00:00,2026-10-10 14:00:00+00:00,sco.1:2026-27,sco.1-2026-27-v1,2026-10-10,15:00,Heart of Midlothian,St Mirren,scotland:heart-of-midlothian,scotland:st-mirren,STATUS_SCHEDULED,,,,,Unknown,Unknown,0,,,,,,,,,159,21.0,4.0,1.0,1.8,-0.2,0.4,13.100505459980582,13.895035375604465,,4.0,,21.0,2026-10-02T16:17:03.344538+00:00,0.537469210919323,0.18448244277488335,0.2780483463057937,Home Win,Heart of Midlothian,0.537469210919323,71.21025560509761,0.2878974439490238,Moderate Risk,No Clear Edge,No bet,Market odds unavailable; betting value cannot be established.,2026-10-02T16:17:06.827514+00:00,,,,,,,
scotland:espn:401878369,401878369,espn,2026-10-02T11:57:31.687976+00:00,2026-10-10 14:00:00+00:00,sco.1:2026-27,sco.1-2026-27-v1,2026-10-10,15:00,Rangers,Kilmarnock,scotland:rangers,scotland:kilmarnock,STATUS_SCHEDULED,,,,,Unknown,Unknown,159,20.125,15.0,1.2,0.2,0.4,0.4,18.604451940538816,8.753376616831707,159,20.885416666666668,5.0,0.4,1.2,-0.1,0.3,10.299124433653231,16.290219261861008,15.0,5.0,20.125,20.885416666666668,2026-10-02T16:17:03.344538+00:00,0.7437072889012871,0.19338377894925235,0.06290893214946057,Home Win,Rangers,0.7437072889012871,40.996675406541996,0.5900332459345801,Low Risk,Strong Home Lean,No bet,Market odds unavailable; betting value cannot be established.,2026-10-02T16:17:06.827514+00:00,,,,,,,
scotland:espn:401878370,401878370,espn,2026-10-02T11:57:31.687976+00:00,2026-10-11 11:00:00+00:00,sco.1:2026-27,sco.1-2026-27-v1,2026-10-11,12:00,Motherwell,Celtic,scotland:motherwell,scotland:celtic,STATUS_SCHEDULED,,,,,Unknown,Unknown,159,21.875,4.0,1.4,2.0,-0.2,0.3,14.17297721195165,13.870824437555745,159,21.0,12.0,1.6,0.6,1.5,0.3,16.896414237421464,11.537565872371633,4.0,12.0,21.875,21.0,2026-10-02T16:17:03.344538+00:00,0.28917839711830157,0.3406530810646423,0.3701685218170561,Away Win,Celtic,0.3701685218170561,95.48183510900043,0.04518164890999576,Critical Risk,No Clear Edge,No bet,Market odds unavailable; betting value cannot be established.,2026-10-02T16:17:06.827514+00:00,,,,,,,
scotland:espn:401878374,401878374,espn,2026-10-02T11:57:31.687976+00:00,2026-10-11 13:00:00+00:00,sco.1:2026-27,sco.1-2026-27-v1,2026-10-11,14:00,Aberdeen,St Johnstone,scotland:aberdeen,scotland:st-johnstone,STATUS_SCHEDULED,,,,,Unknown,Unknown,159,21.958333333333332,5.0,1.0,1.0,-0.2,0.3,9.821090336720353,14.647467621169037,121,21.958333333333332,5.0,1.0,1.2,-0.3,0.0,10.700866839202481,13.063559509160836,5.0,5.0,21.958333333333332,21.958333333333332,2026-10-02T16:17:03.344538+00:00,0.32497285300562245,0.3590134711597259,0.3160136758346516,Draw,Draw,0.3590134711597259,96.32326757503836,0.03676732424961636,Critical Risk,No Clear Edge,No bet,Market odds unavailable; betting value cannot be established.,2026-10-02T16:17:06.827514+00:00,,,,,,,
scotland:espn:401878368,401878368,espn,2026-10-02T11:57:31.687976+00:00,2026-10-17 14:00:00+00:00,sco.1:2026-27,sco.1-2026-27-v1,2026-10-17,15:00,Aberdeen,St Mirren,scotland:aberdeen,scotland:st-mirren,STATUS_SCHEDULED,,,,,Unknown,Unknown,159,28.0,5.0,1.0,1.0,-0.2,0.3,9.821090336720353,14.647467621169037,159,28.0,4.0,1.0,1.8,-0.2,0.4,13.100505459980582,13.895035375604465,5.0,4.0,28.0,28.0,2026-10-02T16:17:03.344538+00:00,0.25630503438830715,0.3553766295796692,0.38831833603202365,Away Win,St Mirren,0.38831833603202365,93.69060689241876,0.06309393107581243,Critical Risk,No Clear Edge,No bet,Market odds unavailable; betting value cannot be established.,2026-10-02T16:17:06.827514+00:00,,,,,,,
scotland:espn:401878365,401878365,espn,2026-10-02T11:57:31.687976+00:00,2026-10-17 14:00:00+00:00,sco.1:2026-27,sco.1-2026-27-v1,2026-10-17,15:00,Hibernian,Falkirk,scotland:hibernian,scotland:falkirk,STATUS_SCHEDULED,,,,,Unknown,Unknown,159,28.0,4.0,1.0,1.6,-0.1,0.0,14.772155018374361,12.583224783851733,45,28.0,5.0,1.2,1.4,-1.1,0.1,10.996742156438199,13.975731564534051,4.0,5.0,28.0,28.0,2026-10-02T16:17:03.344538+00:00,0.411838263494153,0.4317276574702282,0.15643407903561887,Draw,Draw,0.4317276574702282,90.23788977104579,0.09762110228954216,High Risk,No Clear Edge,No bet,Market odds unavailable; betting value cannot be established.,2026-10-02T16:17:06.827514+00:00,,,,,,,
scotland:espn:401878364,401878364,espn,2026-10-02T11:57:31.687976+00:00,2026-10-17 14:00:00+00:00,sco.1:2026-27,sco.1-2026-27-v1,2026-10-17,15:00,Kilmarnock,Motherwell,scotland:kilmarnock,scotland:motherwell,STATUS_SCHEDULED,,,,,Unknown,Unknown,159,27.885416666666668,5.0,0.4,1.2,-0.1,0.3,10.299124433653231,16.290219261861008,159,28.0,4.0,1.4,2.0,-0.2,0.3,14.17297721195165,13.870824437555745,5.0,4.0,27.885416666666668,28.0,2026-10-02T16:17:03.344538+00:00,0.24335063702961499,0.4014296322767364,0.3552197306936486,Draw,Draw,0.4014296322767364,91.97429829539455,0.08025701704605454,High Risk,No Clear Edge,No bet,Market odds unavailable; betting value cannot be established.,2026-10-02T16:17:06.827514+00:00,,,,,,,
scotland:espn:401878363,401878363,espn,2026-10-02T11:57:31.687976+00:00,2026-10-17 14:00:00+00:00,sco.1:2026-27,sco.1-2026-27-v1,2026-10-17,15:00,St Johnstone,Dundee United,scotland:st-johnstone,scotland:dundee-united,STATUS_SCHEDULED,,,,,Unknown,Unknown,121,28.0,5.0,1.0,1.2,-0.3,0.0,10.700866839202481,13.063559509160836,121,28.0,7.0,1.6,1.2,-0.4,0.3,15.49417135093685,14.77411207980164,5.0,7.0,28.0,28.0,2026-10-02T16:17:03.344538+00:00,0.3025403721511123,0.3354310784936881,0.3620285493551996,Away Win,Dundee United,0.3620285493551996,96.33923141646609,0.036607685835338966,Critical Risk,No Clear Edge,No bet,Market odds unavailable; betting value cannot be established.,2026-10-02T16:17:06.827514+00:00,,,,,,,
scotland:espn:401878366,401878366,espn,2026-10-02T11:57:31.687976+00:00,2026-10-17 19:00:00+00:00,sco.1:2026-27,sco.1-2026-27-v1,2026-10-17,20:00,Dundee,Rangers,scotland:dundee,scotland:rangers,STATUS_SCHEDULED,,,,,Unknown,Unknown,121,28.208333333333332,7.0,1.4,1.2,0.4,0.3,10.417436283043447,18.025839278296484,159,27.333333333333332,15.0,1.2,0.2,0.4,0.4,18.604451940538816,8.753376616831707,7.0,15.0,28.208333333333332,27.333333333333332,2026-10-02T16:17:03.344538+00:00,0.2295277656893554,0.27548373803223963,0.49498849627840497,Away Win,Rangers,0.49498849627840497,76.65086414755655,0.23349135852443445,Moderate Risk,No Clear Edge,No bet,Market odds unavailable; betting value cannot be established.,2026-10-02T16:17:06.827514+00:00,,,,,,,
scotland:espn:401878367,401878367,espn,2026-10-02T11:57:31.687976+00:00,2026-10-18 14:00:00+00:00,sco.1:2026-27,sco.1-2026-27-v1,2026-10-18,15:00,Celtic,Heart of Midlothian,scotland:celtic,scotland:heart-of-midlothian,STATUS_SCHEDULED,,,,,Unknown,Unknown,159,28.125,12.0,1.6,0.6,1.5,0.3,16.896414237421464,11.537565872371633,0,,,,,,,,,12.0,,28.125,,2026-10-02T16:17:03.344538+00:00,0.4676839761563672,0.36993236391637496,0.16238365992725784,Home Win,Celtic,0.4676839761563672,83.90813908937548,0.16091860910624525,High Risk,No Clear Edge,No bet,Market odds unavailable; betting value cannot be established.,2026-10-02T16:17:06.827514+00:00,,,,,,,
scotland:espn:401878362,401878362,espn,2026-10-02T11:57:31.687976+00:00,2026-10-24 14:00:00+00:00,sco.1:2026-27,sco.1-2026-27-v1,2026-10-24,15:00,Dundee United,Aberdeen,scotland:dundee-united,scotland:aberdeen,STATUS_SCHEDULED,,,,,Unknown,Unknown,121,35.0,7.0,1.6,1.2,-0.4,0.3,15.49417135093685,14.77411207980164,159,35.0,5.0,1.0,1.0,-0.2,0.3,9.821090336720353,14.647467621169037,7.0,5.0,35.0,35.0,2026-10-02T16:17:03.344538+00:00,0.5601343050012224,0.2829321552734999,0.1569335397252777,Home Win,Dundee United,0.5601343050012224,68.44504455402098,0.3155495544597901,Moderate Risk,Consider Home,No bet,Market odds unavailable; betting value cannot be established.,2026-10-02T16:17:06.827514+00:00,,,,,,,
scotland:espn:401878361,401878361,espn,2026-10-02T11:57:31.687976+00:00,2026-10-24 14:00:00+00:00,sco.1:2026-27,sco.1-2026-27-v1,2026-10-24,15:00,Falkirk,Kilmarnock,scotland:falkirk,scotland:kilmarnock,STATUS_SCHEDULED,,,,,Unknown,Unknown,45,35.0,5.0,1.2,1.4,-1.1,0.1,10.996742156438199,13.975731564534051,159,34.885416666666664,5.0,0.4,1.2,-0.1,0.3,10.299124433653231,16.290219261861008,5.0,5.0,35.0,34.885416666666664,2026-10-02T16:17:03.344538+00:00,0.5115570426403416,0.22533220354679853,0.2631107538128598,Home Win,Falkirk,0.5115570426403416,74.00558915263255,0.2599441084736744,Moderate Risk,No Clear Edge,No bet,Market odds unavailable; betting value cannot be established.,2026-10-02T16:17:06.827514+00:00,,,,,,,
scotland:espn:401878358,401878358,espn,2026-10-02T11:57:31.687976+00:00,2026-10-24 14:00:00+00:00,sco.1:2026-27,sco.1-2026-27-v1,2026-10-24,15:00,Rangers,St Johnstone,scotland:rangers,scotland:st-johnstone,STATUS_SCHEDULED,,,,,Unknown,Unknown,159,34.125,15.0,1.2,0.2,0.4,0.4,18.604451940538816,8.753376616831707,121,35.0,5.0,1.0,1.2,-0.3,0.0,10.700866839202481,13.063559509160836,15.0,5.0,34.125,35.0,2026-10-02T16:17:03.344538+00:00,0.7187814810012385,0.22162092609858788,0.05959759290017372,Home Win,Rangers,0.7187814810012385,45.35279958630494,0.5464720041369506,Low Risk,Strong Home Lean,No bet,Market odds unavailable; betting value cannot be established.,2026-10-02T16:17:06.827514+00:00,,,,,,,
scotland:espn:401878357,401878357,espn,2026-10-02T11:57:31.687976+00:00,2026-10-24 14:00:00+00:00,sco.1:2026-27,sco.1-2026-27-v1,2026-10-24,15:00,St Mirren,Dundee,scotland:st-mirren,scotland:dundee,STATUS_SCHEDULED,,,,,Unknown,Unknown,159,35.0,4.0,1.0,1.8,-0.2,0.4,13.100505459980582,13.895035375604465,121,35.0,7.0,1.4,1.2,0.4,0.3,10.417436283043447,18.025839278296484,4.0,7.0,35.0,35.0,2026-10-02T16:17:03.344538+00:00,0.3589152496096455,0.436281662104998,0.20480308828535645,Draw,Draw,0.436281662104998,87.57298862320377,0.12427011376796222,High Risk,No Clear Edge,No bet,Market odds unavailable; betting value cannot be established.,2026-10-02T16:17:06.827514+00:00,,,,,,,
scotland:espn:401878360,401878360,espn,2026-10-02T11:57:31.687976+00:00,2026-10-25 12:00:00+00:00,sco.1:2026-27,sco.1-2026-27-v1,2026-10-25,12:00,Hibernian,Celtic,scotland:hibernian,scotland:celtic,STATUS_SCHEDULED,,,,,Unknown,Unknown,159,35.916666666666664,4.0,1.0,1.6,-0.1,0.0,14.772155018374361,12.583224783851733,159,35.041666666666664,12.0,1.6,0.6,1.5,0.3,16.896414237421464,11.537565872371633,4.0,12.0,35.916666666666664,35.041666666666664,2026-10-02T16:17:03.344538+00:00,0.2992920576914999,0.32838768361038495,0.3723202586981152,Away Win,Celtic,0.3723202586981152,94.72122344152177,0.05278776558478225,Critical Risk,No Clear Edge,No bet,Market odds unavailable; betting value cannot be established.,2026-10-02T16:17:06.827514+00:00,,,,,,,
scotland:espn:401878359,401878359,espn,2026-10-02T11:57:31.687976+00:00,2026-10-25 14:00:00+00:00,sco.1:2026-27,sco.1-2026-27-v1,2026-10-25,14:00,Motherwell,Heart of Midlothian,scotland:motherwell,scotland:heart-of-midlothian,STATUS_SCHEDULED,,,,,Unknown,Unknown,159,36.0,4.0,1.4,2.0,-0.2,0.3,14.17297721195165,13.870824437555745,0,,,,,,,,,4.0,,36.0,,2026-10-02T16:17:03.344538+00:00,0.28052571090877776,0.4914536495330875,0.2280206395581348,Draw,Draw,0.4914536495330875,77.30922570515814,0.2269077429484185,Moderate Risk,No Clear Edge,No bet,Market odds unavailable; betting value cannot be established.,2026-10-02T16:17:06.827514+00:00,,,,,,,
scotland:espn:401878356,401878356,espn,2026-10-02T11:57:31.687976+00:00,2026-10-28 19:45:00+00:00,sco.1:2026-27,sco.1-2026-27-v1,2026-10-28,19:45,Aberdeen,Falkirk,scotland:aberdeen,scotland:falkirk,STATUS_SCHEDULED,,,,,Unknown,Unknown,159,39.239583333333336,5.0,1.0,1.0,-0.2,0.3,9.821090336720353,14.647467621169037,45,39.239583333333336,5.0,1.2,1.4,-1.1,0.1,10.996742156438199,13.975731564534051,5.0,5.0,39.239583333333336,39.239583333333336,2026-10-02T16:17:03.344538+00:00,0.293399545741915,0.45984490303385334,0.24675555122423168,Draw,Draw,0.45984490303385334,81.93586443765928,0.18064135562340716,High Risk,No Clear Edge,No bet,Market odds unavailable; betting value cannot be established.,2026-10-02T16:17:06.827514+00:00,,,,,,,
scotland:espn:401878355,401878355,espn,2026-10-02T11:57:31.687976+00:00,2026-10-28 19:45:00+00:00,sco.1:2026-27,sco.1-2026-27-v1,2026-10-28,19:45,Celtic,Dundee United,scotland:celtic,scotland:dundee-united,STATUS_SCHEDULED,,,,,Unknown,Unknown,159,38.364583333333336,12.0,1.6,0.6,1.5,0.3,16.896414237421464,11.537565872371633,121,39.239583333333336,7.0,1.6,1.2,-0.4,0.3,15.49417135093685,14.77411207980164,12.0,7.0,38.364583333333336,39.239583333333336,2026-10-02T16:17:03.344538+00:00,0.5249418529939671,0.3324489667418693,0.14260918026416372,Home Win,Celtic,0.5249418529939671,74.97297874286005,0.2502702125713995,Moderate Risk,No Clear Edge,No bet,Market odds unavailable; betting value cannot be established.,2026-10-02T16:17:06.827514+00:00,,,,,,,
scotland:espn:401878354,401878354,espn,2026-10-02T11:57:31.687976+00:00,2026-10-28 19:45:00+00:00,sco.1:2026-27,sco.1-2026-27-v1,2026-10-28,19:45,Dundee,Kilmarnock,scotland:dundee,scotland:kilmarnock,STATUS_SCHEDULED,,,,,Unknown,Unknown,121,39.239583333333336,7.0,1.4,1.2,0.4,0.3,10.417436283043447,18.025839278296484,159,39.125,5.0,0.4,1.2,-0.1,0.3,10.299124433653231,16.290219261861008,7.0,5.0,39.239583333333336,39.125,2026-10-02T16:17:03.344538+00:00,0.41219989235504745,0.3154993762468371,0.27230073139811556,Home Win,Dundee,0.41219989235504745,89.01520702421789,0.10984792975782126,High Risk,No Clear Edge,No bet,Market odds unavailable; betting value cannot be established.,2026-10-02T16:17:06.827514+00:00,,,,,,,
scotland:espn:401878352,401878352,espn,2026-10-02T11:57:31.687976+00:00,2026-10-28 19:45:00+00:00,sco.1:2026-27,sco.1-2026-27-v1,2026-10-28,19:45,St Johnstone,Motherwell,scotland:st-johnstone,scotland:motherwell,STATUS_SCHEDULED,,,,,Unknown,Unknown,121,39.239583333333336,5.0,1.0,1.2,-0.3,0.0,10.700866839202481,13.063559509160836,159,39.239583333333336,4.0,1.4,2.0,-0.2,0.3,14.17297721195165,13.870824437555745,5.0,4.0,39.239583333333336,39.239583333333336,2026-10-02T16:17:03.344538+00:00,0.2974882140127719,0.324755458881873,0.377756327105355,Away Win,Motherwell,0.377756327105355,93.87004050772263,0.061299594922773586,Critical Risk,No Clear Edge,No bet,Market odds unavailable; betting value cannot be established.,2026-10-02T16:17:06.827514+00:00,,,,,,,
scotland:espn:401878351,401878351,espn,2026-10-02T11:57:31.687976+00:00,2026-10-28 19:45:00+00:00,sco.1:2026-27,sco.1-2026-27-v1,2026-10-28,19:45,St Mirren,Hibernian,scotland:st-mirren,scotland:hibernian,STATUS_SCHEDULED,,,,,Unknown,Unknown,159,39.239583333333336,4.0,1.0,1.8,-0.2,0.4,13.100505459980582,13.895035375604465,159,39.239583333333336,4.0,1.0,1.6,-0.1,0.0,14.772155018374361,12.583224783851733,4.0,4.0,39.239583333333336,39.239583333333336,2026-10-02T16:17:03.344538+00:00,0.3626003493328475,0.4042860204534958,0.23311363021365658,Draw,Draw,0.4042860204534958,91.89053274082936,0.08109467259170645,High Risk,No Clear Edge,No bet,Market odds unavailable; betting value cannot be established.,2026-10-02T16:17:06.827514+00:00,,,,,,,
scotland:espn:401878353,401878353,espn,2026-10-02T11:57:31.687976+00:00,2026-10-28 20:00:00+00:00,sco.1:2026-27,sco.1-2026-27-v1,2026-10-28,20:00,Heart of Midlothian,Rangers,scotland:heart-of-midlothian,scotland:rangers,STATUS_SCHEDULED,,,,,Unknown,Unknown,0,,,,,,,,,159,38.375,15.0,1.2,0.2,0.4,0.4,18.604451940538816,8.753376616831707,,15.0,,38.375,2026-10-02T16:17:03.344538+00:00,0.45132834337213273,0.17160107229908364,0.37707058432878354,Home Win,Heart of Midlothian,0.45132834337213273,86.32080416432638,0.13679195835673616,High Risk,No Clear Edge,No bet,Market odds unavailable; betting value cannot be established.,2026-10-02T16:17:06.827514+00:00,,,,,,,
scotland:espn:401878350,401878350,espn,2026-10-02T11:57:31.687976+00:00,2026-10-31 15:00:00+00:00,sco.1:2026-27,sco.1-2026-27-v1,2026-10-31,15:00,Dundee United,Heart of Midlothian,scotland:dundee-united,scotland:heart-of-midlothian,STATUS_POSTPONED,,,,,Unknown,Unknown,121,42.041666666666664,7.0,1.6,1.2,-0.4,0.3,15.49417135093685,14.77411207980164,0,,,,,,,,,7.0,,42.041666666666664,,2026-10-02T16:17:03.344538+00:00,0.37891474691674737,0.39670214863258974,0.22438310445066292,Draw,Draw,0.39670214863258974,93.51812288379581,0.06481877116204195,Critical Risk,No Clear Edge,No bet,Market odds unavailable; betting value cannot be established.,2026-10-02T16:17:06.827514+00:00,,,,,,,
scotland:espn:401878347,401878347,espn,2026-10-02T11:57:31.687976+00:00,2026-10-31 15:00:00+00:00,sco.1:2026-27,sco.1-2026-27-v1,2026-10-31,15:00,Kilmarnock,St Johnstone,scotland:kilmarnock,scotland:st-johnstone,STATUS_SCHEDULED,,,,,Unknown,Unknown,159,41.927083333333336,5.0,0.4,1.2,-0.1,0.3,10.299124433653231,16.290219261861008,121,42.041666666666664,5.0,1.0,1.2,-0.3,0.0,10.700866839202481,13.063559509160836,5.0,5.0,41.927083333333336,42.041666666666664,2026-10-02T16:17:03.344538+00:00,0.3277766260906824,0.42210039090175533,0.25012298300756225,Draw,Draw,0.42210039090175533,88.20425177288472,0.11795748227115291,High Risk,No Clear Edge,No bet,Market odds unavailable; betting value cannot be established.,2026-10-02T16:17:06.827514+00:00,,,,,,,
scotland:espn:401878346,401878346,espn,2026-10-02T11:57:31.687976+00:00,2026-10-31 15:00:00+00:00,sco.1:2026-27,sco.1-2026-27-v1,2026-10-31,15:00,Motherwell,St Mirren,scotland:motherwell,scotland:st-mirren,STATUS_SCHEDULED,,,,,Unknown,Unknown,159,42.041666666666664,4.0,1.4,2.0,-0.2,0.3,14.17297721195165,13.870824437555745,159,42.041666666666664,4.0,1.0,1.8,-0.2,0.4,13.100505459980582,13.895035375604465,4.0,4.0,42.041666666666664,42.041666666666664,2026-10-02T16:17:03.344538+00:00,0.3631580794066589,0.4191538262463641,0.21768809434697703,Draw,Draw,0.4191538262463641,89.97307794464786,0.10026922055352144,High Risk,No Clear Edge,No bet,Market odds unavailable; betting value cannot be established.,2026-10-02T16:17:06.827514+00:00,,,,,,,
scotland:espn:401878349,401878349,espn,2026-10-02T11:57:31.687976+00:00,2026-11-01 13:00:00+00:00,sco.1:2026-27,sco.1-2026-27-v1,2026-11-01,13:00,Falkirk,Celtic,scotland:falkirk,scotland:celtic,STATUS_SCHEDULED,,,,,Unknown,Unknown,45,42.958333333333336,5.0,1.2,1.4,-1.1,0.1,10.996742156438199,13.975731564534051,159,42.083333333333336,12.0,1.6,0.6,1.5,0.3,16.896414237421464,11.537565872371633,5.0,12.0,42.958333333333336,42.083333333333336,2026-10-02T16:17:03.344538+00:00,0.3018886122634367,0.20820805747911098,0.4899033302574524,Away Win,Celtic,0.4899033302574524,78.34738088107548,0.21652619118924524,Moderate Risk,No Clear Edge,No bet,Market odds unavailable; betting value cannot be established.,2026-10-02T16:17:06.827514+00:00,,,,,,,
scotland:espn:401878342,401878342,espn,2026-10-02T11:57:31.687976+00:00,2026-11-07 15:00:00+00:00,sco.1:2026-27,sco.1-2026-27-v1,2026-11-07,15:00,Dundee United,Motherwell,scotland:dundee-united,scotland:motherwell,STATUS_SCHEDULED,,,,,Unknown,Unknown,121,49.041666666666664,7.0,1.6,1.2,-0.4,0.3,15.49417135093685,14.77411207980164,159,49.041666666666664,4.0,1.4,2.0,-0.2,0.3,14.17297721195165,13.870824437555745,7.0,4.0,49.041666666666664,49.041666666666664,2026-10-02T16:17:03.344538+00:00,0.4519062819883467,0.33678184700834074,0.2113118710033127,Home Win,Dundee United,0.4519062819883467,84.66890505836813,0.15331094941631876,High Risk,No Clear Edge,No bet,Market odds unavailable; betting value cannot be established.,2026-10-02T16:17:06.827514+00:00,,,,,,,
scotland:espn:401878341,401878341,espn,2026-10-02T11:57:31.687976+00:00,2026-11-07 15:00:00+00:00,sco.1:2026-27,sco.1-2026-27-v1,2026-11-07,15:00,St Johnstone,Dundee,scotland:st-johnstone,scotland:dundee,STATUS_SCHEDULED,,,,,Unknown,Unknown,121,49.041666666666664,5.0,1.0,1.2,-0.3,0.0,10.700866839202481,13.063559509160836,121,49.041666666666664,7.0,1.4,1.2,0.4,0.3,10.417436283043447,18.025839278296484,5.0,7.0,49.041666666666664,49.041666666666664,2026-10-02T16:17:03.344538+00:00,0.35348772092452896,0.347267993031926,0.2992442860435451,Home Win,St Johnstone,0.35348772092452896,97.91643612848463,0.020835638715153704,Critical Risk,No Clear Edge,No bet,Market odds unavailable; betting value cannot be established.,2026-10-02T16:17:06.827514+00:00,,,,,,,
scotland:espn:401878344,401878344,espn,2026-10-02T11:57:31.687976+00:00,2026-11-07 17:45:00+00:00,sco.1:2026-27,sco.1-2026-27-v1,2026-11-07,17:45,Aberdeen,Hibernian,scotland:aberdeen,scotland:hibernian,STATUS_SCHEDULED,,,,,Unknown,Unknown,159,49.15625,5.0,1.0,1.0,-0.2,0.3,9.821090336720353,14.647467621169037,159,49.15625,4.0,1.0,1.6,-0.1,0.0,14.772155018374361,12.583224783851733,5.0,4.0,49.15625,49.15625,2026-10-02T16:17:03.344538+00:00,0.28218384519063583,0.3650906863959476,0.3527254684134165,Draw,Draw,0.3650906863959476,96.61655923409704,0.03383440765902954,Critical Risk,No Clear Edge,No bet,Market odds unavailable; betting value cannot be established.,2026-10-02T16:17:06.827514+00:00,,,,,,,
scotland:espn:401878340,401878340,espn,2026-10-02T11:57:31.687976+00:00,2026-11-07 20:00:00+00:00,sco.1:2026-27,sco.1-2026-27-v1,2026-11-07,20:00,St Mirren,Rangers,scotland:st-mirren,scotland:rangers,STATUS_SCHEDULED,,,,,Unknown,Unknown,159,49.25,4.0,1.0,1.8,-0.2,0.4,13.100505459980582,13.895035375604465,159,48.375,15.0,1.2,0.2,0.4,0.4,18.604451940538816,8.753376616831707,4.0,15.0,49.25,48.375,2026-10-02T16:17:03.344538+00:00,0.2576156375696142,0.4097822883245923,0.33260207410579357,Draw,Draw,0.4097822883245923,89.99978268354076,0.10000217316459244,High Risk,No Clear Edge,No bet,Market odds unavailable; betting value cannot be established.,2026-10-02T16:17:06.827514+00:00,,,,,,,
scotland:espn:401878339,401878339,espn,2026-10-02T11:57:31.687976+00:00,2026-11-08 15:00:00+00:00,sco.1:2026-27,sco.1-2026-27-v1,2026-11-08,15:00,Heart of Midlothian,Falkirk,scotland:heart-of-midlothian,scotland:falkirk,STATUS_SCHEDULED,,,,,Unknown,Unknown,0,,,,,,,,,45,50.041666666666664,5.0,1.2,1.4,-1.1,0.1,10.996742156438199,13.975731564534051,,5.0,,50.041666666666664,2026-10-02T16:17:03.344538+00:00,0.6368928215167944,0.21302658265003097,0.15008059583317476,Home Win,Heart of Midlothian,0.6368928215167944,55.69762868846282,0.44302371311537186,Low Risk,Consider Home,No bet,Market odds unavailable; betting value cannot be established.,2026-10-02T16:17:06.827514+00:00,,,,,,,
scotland:espn:401878343,401878343,espn,2026-10-02T11:57:31.687976+00:00,2026-11-08 16:00:00+00:00,sco.1:2026-27,sco.1-2026-27-v1,2026-11-08,16:00,Celtic,Kilmarnock,scotland:celtic,scotland:kilmarnock,STATUS_SCHEDULED,,,,,Unknown,Unknown,159,49.208333333333336,12.0,1.6,0.6,1.5,0.3,16.896414237421464,11.537565872371633,159,49.96875,5.0,0.4,1.2,-0.1,0.3,10.299124433653231,16.290219261861008,12.0,5.0,49.208333333333336,49.96875,2026-10-02T16:17:03.344538+00:00,0.6394354711750109,0.2620766737414801,0.09848785508350916,Home Win,Celtic,0.6394354711750109,57.285330123578234,0.4271466987642177,Low Risk,Consider Home,No bet,Market odds unavailable; betting value cannot be established.,2026-10-02T16:17:06.827514+00:00,,,,,,,
scotland:espn:401878338,401878338,espn,2026-10-02T11:57:31.687976+00:00,2026-11-21 15:00:00+00:00,sco.1:2026-27,sco.1-2026-27-v1,2026-11-21,15:00,Celtic,St Mirren,scotland:celtic,scotland:st-mirren,STATUS_SCHEDULED,,,,,Unknown,Unknown,159,62.166666666666664,12.0,1.6,0.6,1.5,0.3,16.896414237421464,11.537565872371633,159,63.041666666666664,4.0,1.0,1.8,-0.2,0.4,13.100505459980582,13.895035375604465,12.0,4.0,62.166666666666664,63.041666666666664,2026-10-02T16:17:03.344538+00:00,0.5446395850948921,0.3234800503334992,0.13188036457160873,Home Win,Celtic,0.5446395850948921,72.05275173980318,0.2794724826019682,Moderate Risk,No Clear Edge,No bet,Market odds unavailable; betting value cannot be established.,2026-10-02T16:17:06.827514+00:00,,,,,,,
scotland:espn:401878336,401878336,espn,2026-10-02T11:57:31.687976+00:00,2026-11-21 15:00:00+00:00,sco.1:2026-27,sco.1-2026-27-v1,2026-11-21,15:00,Falkirk,St Johnstone,scotland:falkirk,scotland:st-johnstone,STATUS_SCHEDULED,,,,,Unknown,Unknown,45,63.041666666666664,5.0,1.2,1.4,-1.1,0.1,10.996742156438199,13.975731564534051,121,63.041666666666664,5.0,1.0,1.2,-0.3,0.0,10.700866839202481,13.063559509160836,5.0,5.0,63.041666666666664,63.041666666666664,2026-10-02T16:17:03.344538+00:00,0.49343786448120935,0.2716865696277123,0.23487556589107833,Home Win,Falkirk,0.49343786448120935,76.70453561831796,0.23295464381682038,Moderate Risk,No Clear Edge,No bet,Market odds unavailable; betting value cannot be established.,2026-10-02T16:17:06.827514+00:00,,,,,,,
scotland:espn:401878335,401878335,espn,2026-10-02T11:57:31.687976+00:00,2026-11-21 15:00:00+00:00,sco.1:2026-27,sco.1-2026-27-v1,2026-11-21,15:00,Hibernian,Dundee United,scotland:hibernian,scotland:dundee-united,STATUS_SCHEDULED,,,,,Unknown,Unknown,159,63.041666666666664,4.0,1.0,1.6,-0.1,0.0,14.772155018374361,12.583224783851733,121,63.041666666666664,7.0,1.6,1.2,-0.4,0.3,15.49417135093685,14.77411207980164,4.0,7.0,63.041666666666664,63.041666666666664,2026-10-02T16:17:03.344538+00:00,0.34928618963006547,0.44943721939026576,0.20127659097966882,Draw,Draw,0.44943721939026576,85.48025706505487,0.1451974293494514,High Risk,No Clear Edge,No bet,Market odds unavailable; betting value cannot be established.,2026-10-02T16:17:06.827514+00:00,,,,,,,
scotland:espn:401878334,401878334,espn,2026-10-02T11:57:31.687976+00:00,2026-11-21 15:00:00+00:00,sco.1:2026-27,sco.1-2026-27-v1,2026-11-21,15:00,Kilmarnock,Aberdeen,scotland:kilmarnock,scotland:aberdeen,STATUS_SCHEDULED,,,,,Unknown,Unknown,159,62.927083333333336,5.0,0.4,1.2,-0.1,0.3,10.299124433653231,16.290219261861008,159,63.041666666666664,5.0,1.0,1.0,-0.2,0.3,9.821090336720353,14.647467621169037,5.0,5.0,62.927083333333336,63.041666666666664,2026-10-02T16:17:03.344538+00:00,0.3268088262751718,0.43938552766731037,0.2338056460575178,Draw,Draw,0.43938552766731037,85.91179828894451,0.14088201711055498,High Risk,No Clear Edge,No bet,Market odds unavailable; betting value cannot be established.,2026-10-02T16:17:06.827514+00:00,,,,,,,
scotland:espn:401878337,401878337,espn,2026-10-02T11:57:31.687976+00:00,2026-11-21 17:45:00+00:00,sco.1:2026-27,sco.1-2026-27-v1,2026-11-21,17:45,Dundee,Heart of Midlothian,scotland:dundee,scotland:heart-of-midlothian,STATUS_SCHEDULED,,,,,Unknown,Unknown,121,63.15625,7.0,1.4,1.2,0.4,0.3,10.417436283043447,18.025839278296484,0,,,,,,,,,7.0,,63.15625,,2026-10-02T16:17:03.344538+00:00,0.21589672686600705,0.42789247905255934,0.3562107940814337,Draw,Draw,0.42789247905255934,88.56140337024401,0.11438596629755989,High Risk,No Clear Edge,No bet,Market odds unavailable; betting value cannot be established.,2026-10-02T16:17:06.827514+00:00,,,,,,,
scotland:espn:401878333,401878333,espn,2026-10-02T11:57:31.687976+00:00,2026-11-21 20:00:00+00:00,sco.1:2026-27,sco.1-2026-27-v1,2026-11-21,20:00,Motherwell,Rangers,scotland:motherwell,scotland:rangers,STATUS_SCHEDULED,,,,,Unknown,Unknown,159,63.25,4.0,1.4,2.0,-0.2,0.3,14.17297721195165,13.870824437555745,159,62.375,15.0,1.2,0.2,0.4,0.4,18.604451940538816,8.753376616831707,4.0,15.0,63.25,62.375,2026-10-02T16:17:03.344538+00:00,0.2845289780323411,0.4211272863785929,0.29434373558906596,Draw,Draw,0.4211272863785929,87.02293490845133,0.1297706509154867,High Risk,No Clear Edge,No bet,Market odds unavailable; betting value cannot be established.,2026-10-02T16:17:06.827514+00:00,,,,,,,
scotland:espn:401878348,401878348,espn,2026-10-02T11:57:31.687976+00:00,2026-11-24 19:45:00+00:00,sco.1:2026-27,sco.1-2026-27-v1,2026-11-24,19:45,Hibernian,Dundee,scotland:hibernian,scotland:dundee,STATUS_SCHEDULED,,,,,Unknown,Unknown,159,66.23958333333333,4.0,1.0,1.6,-0.1,0.0,14.772155018374361,12.583224783851733,121,66.23958333333333,7.0,1.4,1.2,0.4,0.3,10.417436283043447,18.025839278296484,4.0,7.0,66.23958333333333,66.23958333333333,2026-10-02T16:17:03.344538+00:00,0.3992387208515505,0.4256734584571549,0.1750878206912947,Draw,Draw,0.4256734584571549,90.53454232151873,0.09465457678481268,High Risk,No Clear Edge,No bet,Market odds unavailable; betting value cannot be established.,2026-10-02T16:17:06.827514+00:00,,,,,,,
scotland:espn:401878345,401878345,espn,2026-10-02T11:57:31.687976+00:00,2026-11-24 20:00:00+00:00,sco.1:2026-27,sco.1-2026-27-v1,2026-11-24,20:00,Rangers,Aberdeen,scotland:rangers,scotland:aberdeen,STATUS_SCHEDULED,,,,,Unknown,Unknown,159,65.375,15.0,1.2,0.2,0.4,0.4,18.604451940538816,8.753376616831707,159,66.25,5.0,1.0,1.0,-0.2,0.3,9.821090336720353,14.647467621169037,15.0,5.0,65.375,66.25,2026-10-02T16:17:03.344538+00:00,0.7096806759376373,0.2374188179230752,0.052900506139287574,Home Win,Rangers,0.7096806759376373,47.1580394920807,0.528419605079193,Low Risk,Strong Home Lean,No bet,Market odds unavailable; betting value cannot be established.,2026-10-02T16:17:06.827514+00:00,,,,,,,
scotland:espn:401878332,401878332,espn,2026-10-02T11:57:31.687976+00:00,2026-11-28 15:00:00+00:00,sco.1:2026-27,sco.1-2026-27-v1,2026-11-28,15:00,Aberdeen,Dundee,scotland:aberdeen,scotland:dundee,STATUS_SCHEDULED,,,,,Unknown,Unknown,159,70.04166666666667,5.0,1.0,1.0,-0.2,0.3,9.821090336720353,14.647467621169037,121,70.04166666666667,7.0,1.4,1.2,0.4,0.3,10.417436283043447,18.025839278296484,5.0,7.0,70.04166666666667,70.04166666666667,2026-10-02T16:17:03.344538+00:00,0.2815954543807206,0.43651900683594214,0.2818855387833374,Draw,Draw,0.43651900683594214,84.52782453900771,0.15472175460992293,High Risk,No Clear Edge,No bet,Market odds unavailable; betting value cannot be established.,2026-10-02T16:17:06.827514+00:00,,,,,,,
scotland:espn:401878331,401878331,espn,2026-10-02T11:57:31.687976+00:00,2026-11-28 15:00:00+00:00,sco.1:2026-27,sco.1-2026-27-v1,2026-11-28,15:00,Dundee United,St Johnstone,scotland:dundee-united,scotland:st-johnstone,STATUS_SCHEDULED,,,,,Unknown,Unknown,121,70.04166666666667,7.0,1.6,1.2,-0.4,0.3,15.49417135093685,14.77411207980164,121,70.04166666666667,5.0,1.0,1.2,-0.3,0.0,10.700866839202481,13.063559509160836,7.0,5.0,70.04166666666667,70.04166666666667,2026-10-02T16:17:03.344538+00:00,0.5450254490443932,0.32548519388131664,0.12948935707429016,Home Win,Dundee United,0.5450254490443932,72.0808837982611,0.27919116201738897,Moderate Risk,No Clear Edge,No bet,Market odds unavailable; betting value cannot be established.,2026-10-02T16:17:06.827514+00:00,,,,,,,
scotland:espn:401878328,401878328,espn,2026-10-02T11:57:31.687976+00:00,2026-11-28 15:00:00+00:00,sco.1:2026-27,sco.1-2026-27-v1,2026-11-28,15:00,Rangers,Falkirk,scotland:rangers,scotland:falkirk,STATUS_SCHEDULED,,,,,Unknown,Unknown,159,69.16666666666667,15.0,1.2,0.2,0.4,0.4,18.604451940538816,8.753376616831707,45,70.04166666666667,5.0,1.2,1.4,-1.1,0.1,10.996742156438199,13.975731564534051,15.0,5.0,69.16666666666667,70.04166666666667,2026-10-02T16:17:03.344538+00:00,0.6517679471381267,0.3047707949575512,0.04346125790432214,Home Win,Rangers,0.6517679471381267,57.34738582814853,0.4265261417185147,Low Risk,Strong Home Lean,No bet,Market odds unavailable; betting value cannot be established.,2026-10-02T16:17:06.827514+00:00,,,,,,,
scotland:espn:401878327,401878327,espn,2026-10-02T11:57:31.687976+00:00,2026-11-28 15:00:00+00:00,sco.1:2026-27,sco.1-2026-27-v1,2026-11-28,15:00,St Mirren,Kilmarnock,scotland:st-mirren,scotland:kilmarnock,STATUS_SCHEDULED,,,,,Unknown,Unknown,159,70.04166666666667,4.0,1.0,1.8,-0.2,0.4,13.100505459980582,13.895035375604465,159,69.92708333333333,5.0,0.4,1.2,-0.1,0.3,10.299124433653231,16.290219261861008,4.0,5.0,70.04166666666667,69.92708333333333,2026-10-02T16:17:03.344538+00:00,0.4111349350175119,0.4326338331925896,0.1562312317898986,Draw,Draw,0.4326338331925896,90.09217138860835,0.09907828611391653,High Risk,No Clear Edge,No bet,Market odds unavailable; betting value cannot be established.,2026-10-02T16:17:06.827514+00:00,,,,,,,
scotland:espn:401878329,401878329,espn,2026-10-02T11:57:31.687976+00:00,2026-11-28 17:45:00+00:00,sco.1:2026-27,sco.1-2026-27-v1,2026-11-28,17:45,Motherwell,Hibernian,scotland:motherwell,scotland:hibernian,STATUS_SCHEDULED,,,,,Unknown,Unknown,159,70.15625,4.0,1.4,2.0,-0.2,0.3,14.17297721195165,13.870824437555745,159,70.15625,4.0,1.0,1.6,-0.1,0.0,14.772155018374361,12.583224783851733,4.0,4.0,70.15625,70.15625,2026-10-02T16:17:03.344538+00:00,0.38666924557296584,0.4274719016743178,0.18585885275271635,Draw,Draw,0.4274719016743178,89.80811373881373,0.10191886261186268,High Risk,No Clear Edge,No bet,Market odds unavailable; betting value cannot be established.,2026-10-02T16:17:06.827514+00:00,,,,,,,
scotland:espn:401878330,401878330,espn,2026-10-02T11:57:31.687976+00:00,2026-11-29 15:00:00+00:00,sco.1:2026-27,sco.1-2026-27-v1,2026-11-29,15:00,Heart of Midlothian,Celtic,scotland:heart-of-midlothian,scotland:celtic,STATUS_SCHEDULED,,,,,Unknown,Unknown,0,,,,,,,,,159,70.16666666666667,12.0,1.6,0.6,1.5,0.3,16.896414237421464,11.537565872371633,,12.0,,70.16666666666667,2026-10-02T16:17:03.344538+00:00,0.5042734733626799,0.15870076162418126,0.3370257650131388,Home Win,Heart of Midlothian,0.5042734733626799,77.84794645320807,0.22152053546791942,Moderate Risk,No Clear Edge,No bet,Market odds unavailable; betting value cannot be established.,2026-10-02T16:17:06.827514+00:00,,,,,,,
